pix_id,XY,musc_id,grp_id,cond_id,subj_id,injury_id,X,Y,Value
4055692,55692,BSH,Hamstrings,Post,1,NO,234,238,1154.861
4055930,55930,BSH,Hamstrings,Post,1,NO,235,238,1044.38
4056168,56168,BSH,Hamstrings,Post,1,NO,236,238,964.299
4056406,56406,BSH,Hamstrings,Post,1,NO,237,238,908.462
4055209,55209,BSH,Hamstrings,Post,1,NO,231,239,1564.197
4055448,55448,BSH,Hamstrings,Post,1,NO,232,239,1382.059
4055687,55687,BSH,Hamstrings,Post,1,NO,233,239,1203.639
4055926,55926,BSH,Hamstrings,Post,1,NO,234,239,1059.715
4056165,56165,BSH,Hamstrings,Post,1,NO,235,239,959.564
4056404,56404,BSH,Hamstrings,Post,1,NO,236,239,897.219
4056643,56643,BSH,Hamstrings,Post,1,NO,237,239,862.219
4056882,56882,BSH,Hamstrings,Post,1,NO,238,239,848.154
4057121,57121,BSH,Hamstrings,Post,1,NO,239,239,857.229
4057360,57360,BSH,Hamstrings,Post,1,NO,240,239,891.552
4054960,54960,BSH,Hamstrings,Post,1,NO,229,240,1636.975
4055200,55200,BSH,Hamstrings,Post,1,NO,230,240,1577.266
4055440,55440,BSH,Hamstrings,Post,1,NO,231,240,1449.562
4055680,55680,BSH,Hamstrings,Post,1,NO,232,240,1281.988
4055920,55920,BSH,Hamstrings,Post,1,NO,233,240,1115.882
4056160,56160,BSH,Hamstrings,Post,1,NO,234,240,983.775
4056400,56400,BSH,Hamstrings,Post,1,NO,235,240,901.807
4056640,56640,BSH,Hamstrings,Post,1,NO,236,240,858.785
4056880,56880,BSH,Hamstrings,Post,1,NO,237,240,841.52
4057120,57120,BSH,Hamstrings,Post,1,NO,238,240,842.841
4057360,57360,BSH,Hamstrings,Post,1,NO,239,240,847.615
4057600,57600,BSH,Hamstrings,Post,1,NO,240,240,923.954
4057840,57840,BSH,Hamstrings,Post,1,NO,241,240,1108.494
4054948,54948,BSH,Hamstrings,Post,1,NO,228,241,1370.562
4055189,55189,BSH,Hamstrings,Post,1,NO,229,241,1467.011
4055430,55430,BSH,Hamstrings,Post,1,NO,230,241,1416.498
4055671,55671,BSH,Hamstrings,Post,1,NO,231,241,1315.016
4055912,55912,BSH,Hamstrings,Post,1,NO,232,241,1179.299
4056153,56153,BSH,Hamstrings,Post,1,NO,233,241,1042.553
4056394,56394,BSH,Hamstrings,Post,1,NO,234,241,936.252
4056635,56635,BSH,Hamstrings,Post,1,NO,235,241,869.81
4056876,56876,BSH,Hamstrings,Post,1,NO,236,241,838.38
4057117,57117,BSH,Hamstrings,Post,1,NO,237,241,832.021
4057358,57358,BSH,Hamstrings,Post,1,NO,238,241,844.898
4057599,57599,BSH,Hamstrings,Post,1,NO,239,241,855.047
4057840,57840,BSH,Hamstrings,Post,1,NO,240,241,970.548
4058081,58081,BSH,Hamstrings,Post,1,NO,241,241,1173.426
4054934,54934,BSH,Hamstrings,Post,1,NO,227,242,1286.629
4055176,55176,BSH,Hamstrings,Post,1,NO,228,242,1216.882
4055418,55418,BSH,Hamstrings,Post,1,NO,229,242,1282.403
4055660,55660,BSH,Hamstrings,Post,1,NO,230,242,1246.123
4055902,55902,BSH,Hamstrings,Post,1,NO,231,242,1175.035
4056144,56144,BSH,Hamstrings,Post,1,NO,232,242,1078.07
4056386,56386,BSH,Hamstrings,Post,1,NO,233,242,978.511
4056628,56628,BSH,Hamstrings,Post,1,NO,234,242,898.036
4056870,56870,BSH,Hamstrings,Post,1,NO,235,242,847.774
4057112,57112,BSH,Hamstrings,Post,1,NO,236,242,827.033
4057354,57354,BSH,Hamstrings,Post,1,NO,237,242,830.411
4057596,57596,BSH,Hamstrings,Post,1,NO,238,242,852.969
4057838,57838,BSH,Hamstrings,Post,1,NO,239,242,870.421
4058080,58080,BSH,Hamstrings,Post,1,NO,240,242,1006.459
4058322,58322,BSH,Hamstrings,Post,1,NO,241,242,1203.45
4054918,54918,BSH,Hamstrings,Post,1,NO,226,243,1104.973
4055161,55161,BSH,Hamstrings,Post,1,NO,227,243,1126.108
4055404,55404,BSH,Hamstrings,Post,1,NO,228,243,1058.492
4055647,55647,BSH,Hamstrings,Post,1,NO,229,243,1101.682
4055890,55890,BSH,Hamstrings,Post,1,NO,230,243,1082.456
4056133,56133,BSH,Hamstrings,Post,1,NO,231,243,1046.579
4056376,56376,BSH,Hamstrings,Post,1,NO,232,243,988.964
4056619,56619,BSH,Hamstrings,Post,1,NO,233,243,923.895
4056862,56862,BSH,Hamstrings,Post,1,NO,234,243,868.802
4057105,57105,BSH,Hamstrings,Post,1,NO,235,243,834.939
4057348,57348,BSH,Hamstrings,Post,1,NO,236,243,824.366
4057591,57591,BSH,Hamstrings,Post,1,NO,237,243,835.016
4057834,57834,BSH,Hamstrings,Post,1,NO,238,243,865.997
4058077,58077,BSH,Hamstrings,Post,1,NO,239,243,895.088
4058320,58320,BSH,Hamstrings,Post,1,NO,240,243,1047.271
4058563,58563,BSH,Hamstrings,Post,1,NO,241,243,1232.675
4055144,55144,BSH,Hamstrings,Post,1,NO,226,244,778.456
4055388,55388,BSH,Hamstrings,Post,1,NO,227,244,976.236
4055632,55632,BSH,Hamstrings,Post,1,NO,228,244,924.828
4055876,55876,BSH,Hamstrings,Post,1,NO,229,244,942.888
4056120,56120,BSH,Hamstrings,Post,1,NO,230,244,948.165
4056364,56364,BSH,Hamstrings,Post,1,NO,231,244,939.211
4056608,56608,BSH,Hamstrings,Post,1,NO,232,244,913.105
4056852,56852,BSH,Hamstrings,Post,1,NO,233,244,878.133
4057096,57096,BSH,Hamstrings,Post,1,NO,234,244,845.131
4057340,57340,BSH,Hamstrings,Post,1,NO,235,244,825.031
4057584,57584,BSH,Hamstrings,Post,1,NO,236,244,823.65
4057828,57828,BSH,Hamstrings,Post,1,NO,237,244,842.499
4058072,58072,BSH,Hamstrings,Post,1,NO,238,244,883.2
4058316,58316,BSH,Hamstrings,Post,1,NO,239,244,927.953
4058560,58560,BSH,Hamstrings,Post,1,NO,240,244,1094.608
4058804,58804,BSH,Hamstrings,Post,1,NO,241,244,1261.299
4055370,55370,BSH,Hamstrings,Post,1,NO,226,245,800.637
4055615,55615,BSH,Hamstrings,Post,1,NO,227,245,858.499
4055860,55860,BSH,Hamstrings,Post,1,NO,228,245,830.711
4056105,56105,BSH,Hamstrings,Post,1,NO,229,245,832.04
4056350,56350,BSH,Hamstrings,Post,1,NO,230,245,844.985
4056595,56595,BSH,Hamstrings,Post,1,NO,231,245,852.83
4056840,56840,BSH,Hamstrings,Post,1,NO,232,245,851.887
4057085,57085,BSH,Hamstrings,Post,1,NO,233,245,839.601
4057330,57330,BSH,Hamstrings,Post,1,NO,234,245,824.292
4057575,57575,BSH,Hamstrings,Post,1,NO,235,245,817.06
4057820,57820,BSH,Hamstrings,Post,1,NO,236,245,825.072
4058065,58065,BSH,Hamstrings,Post,1,NO,237,245,853.525
4058310,58310,BSH,Hamstrings,Post,1,NO,238,245,905
4058555,58555,BSH,Hamstrings,Post,1,NO,239,245,965.039
4058800,58800,BSH,Hamstrings,Post,1,NO,240,245,1137.705
4059045,59045,BSH,Hamstrings,Post,1,NO,241,245,1272.559
4055350,55350,BSH,Hamstrings,Post,1,NO,225,246,728.045
4055596,55596,BSH,Hamstrings,Post,1,NO,226,246,720.399
4055842,55842,BSH,Hamstrings,Post,1,NO,227,246,773.753
4056088,56088,BSH,Hamstrings,Post,1,NO,228,246,756.041
4056334,56334,BSH,Hamstrings,Post,1,NO,229,246,760.337
4056580,56580,BSH,Hamstrings,Post,1,NO,230,246,772.567
4056826,56826,BSH,Hamstrings,Post,1,NO,231,246,791.832
4057072,57072,BSH,Hamstrings,Post,1,NO,232,246,805.336
4057318,57318,BSH,Hamstrings,Post,1,NO,233,246,807.665
4057564,57564,BSH,Hamstrings,Post,1,NO,234,246,805.889
4057810,57810,BSH,Hamstrings,Post,1,NO,235,246,809.284
4058056,58056,BSH,Hamstrings,Post,1,NO,236,246,827.584
4058302,58302,BSH,Hamstrings,Post,1,NO,237,246,866.556
4058548,58548,BSH,Hamstrings,Post,1,NO,238,246,928.951
4058794,58794,BSH,Hamstrings,Post,1,NO,239,246,1005.89
4059040,59040,BSH,Hamstrings,Post,1,NO,240,246,1176.504
4059286,59286,BSH,Hamstrings,Post,1,NO,241,246,1271.06
4055575,55575,BSH,Hamstrings,Post,1,NO,225,247,701.3
4055822,55822,BSH,Hamstrings,Post,1,NO,226,247,676.061
4056069,56069,BSH,Hamstrings,Post,1,NO,227,247,720.745
4056316,56316,BSH,Hamstrings,Post,1,NO,228,247,716.999
4056563,56563,BSH,Hamstrings,Post,1,NO,229,247,717.153
4056810,56810,BSH,Hamstrings,Post,1,NO,230,247,729.299
4057057,57057,BSH,Hamstrings,Post,1,NO,231,247,751.289
4057304,57304,BSH,Hamstrings,Post,1,NO,232,247,768.675
4057551,57551,BSH,Hamstrings,Post,1,NO,233,247,780.816
4057798,57798,BSH,Hamstrings,Post,1,NO,234,247,790.716
4058045,58045,BSH,Hamstrings,Post,1,NO,235,247,805.334
4058292,58292,BSH,Hamstrings,Post,1,NO,236,247,833.849
4058539,58539,BSH,Hamstrings,Post,1,NO,237,247,883.076
4058786,58786,BSH,Hamstrings,Post,1,NO,238,247,897.784
4059033,59033,BSH,Hamstrings,Post,1,NO,239,247,1043.788
4059280,59280,BSH,Hamstrings,Post,1,NO,240,247,1192.911
4059527,59527,BSH,Hamstrings,Post,1,NO,241,247,1243.964
4055800,55800,BSH,Hamstrings,Post,1,NO,225,248,682.34
4056048,56048,BSH,Hamstrings,Post,1,NO,226,248,658.277
4056296,56296,BSH,Hamstrings,Post,1,NO,227,248,697.191
4056544,56544,BSH,Hamstrings,Post,1,NO,228,248,698.239
4056792,56792,BSH,Hamstrings,Post,1,NO,229,248,695.591
4057040,57040,BSH,Hamstrings,Post,1,NO,230,248,707.294
4057288,57288,BSH,Hamstrings,Post,1,NO,231,248,723.073
4057536,57536,BSH,Hamstrings,Post,1,NO,232,248,741.543
4057784,57784,BSH,Hamstrings,Post,1,NO,233,248,760.692
4058032,58032,BSH,Hamstrings,Post,1,NO,234,248,779.096
4058280,58280,BSH,Hamstrings,Post,1,NO,235,248,803.832
4058528,58528,BSH,Hamstrings,Post,1,NO,236,248,843.286
4058776,58776,BSH,Hamstrings,Post,1,NO,237,248,901.589
4059024,59024,BSH,Hamstrings,Post,1,NO,238,248,926.885
4059272,59272,BSH,Hamstrings,Post,1,NO,239,248,1078.1
4059520,59520,BSH,Hamstrings,Post,1,NO,240,248,1195.705
4059768,59768,BSH,Hamstrings,Post,1,NO,241,248,1200.049
4055776,55776,BSH,Hamstrings,Post,1,NO,224,249,721.043
4056025,56025,BSH,Hamstrings,Post,1,NO,225,249,667.683
4056274,56274,BSH,Hamstrings,Post,1,NO,226,249,660.353
4056523,56523,BSH,Hamstrings,Post,1,NO,227,249,687.744
4056772,56772,BSH,Hamstrings,Post,1,NO,228,249,692.316
4057021,57021,BSH,Hamstrings,Post,1,NO,229,249,690.583
4057270,57270,BSH,Hamstrings,Post,1,NO,230,249,694.747
4057519,57519,BSH,Hamstrings,Post,1,NO,231,249,705.869
4057768,57768,BSH,Hamstrings,Post,1,NO,232,249,725.16
4058017,58017,BSH,Hamstrings,Post,1,NO,233,249,745.975
4058266,58266,BSH,Hamstrings,Post,1,NO,234,249,771.173
4058515,58515,BSH,Hamstrings,Post,1,NO,235,249,805.846
4058764,58764,BSH,Hamstrings,Post,1,NO,236,249,853.867
4059013,59013,BSH,Hamstrings,Post,1,NO,237,249,919.722
4059262,59262,BSH,Hamstrings,Post,1,NO,238,249,953.95
4059511,59511,BSH,Hamstrings,Post,1,NO,239,249,1093.352
4059760,59760,BSH,Hamstrings,Post,1,NO,240,249,1175.469
4060009,60009,BSH,Hamstrings,Post,1,NO,241,249,1143.522
4056000,56000,BSH,Hamstrings,Post,1,NO,224,250,703.419
4056250,56250,BSH,Hamstrings,Post,1,NO,225,250,658.62
4056500,56500,BSH,Hamstrings,Post,1,NO,226,250,664.774
4056750,56750,BSH,Hamstrings,Post,1,NO,227,250,686.435
4057000,57000,BSH,Hamstrings,Post,1,NO,228,250,692.603
4057250,57250,BSH,Hamstrings,Post,1,NO,229,250,688.919
4057500,57500,BSH,Hamstrings,Post,1,NO,230,250,689.006
4057750,57750,BSH,Hamstrings,Post,1,NO,231,250,698.621
4058000,58000,BSH,Hamstrings,Post,1,NO,232,250,714.557
4058250,58250,BSH,Hamstrings,Post,1,NO,233,250,737.711
4058500,58500,BSH,Hamstrings,Post,1,NO,234,250,769.304
4058750,58750,BSH,Hamstrings,Post,1,NO,235,250,810.15
4059000,59000,BSH,Hamstrings,Post,1,NO,236,250,864.858
4059250,59250,BSH,Hamstrings,Post,1,NO,237,250,932.457
4059500,59500,BSH,Hamstrings,Post,1,NO,238,250,979.301
4059750,59750,BSH,Hamstrings,Post,1,NO,239,250,1095.72
4060000,60000,BSH,Hamstrings,Post,1,NO,240,250,1136.703
4060250,60250,BSH,Hamstrings,Post,1,NO,241,250,1076.514
4056224,56224,BSH,Hamstrings,Post,1,NO,224,251,687.528
4056475,56475,BSH,Hamstrings,Post,1,NO,225,251,661.63
4056726,56726,BSH,Hamstrings,Post,1,NO,226,251,670.041
4056977,56977,BSH,Hamstrings,Post,1,NO,227,251,692.786
4057228,57228,BSH,Hamstrings,Post,1,NO,228,251,692.494
4057479,57479,BSH,Hamstrings,Post,1,NO,229,251,689.397
4057730,57730,BSH,Hamstrings,Post,1,NO,230,251,688.461
4057981,57981,BSH,Hamstrings,Post,1,NO,231,251,694.918
4058232,58232,BSH,Hamstrings,Post,1,NO,232,251,710.385
4058483,58483,BSH,Hamstrings,Post,1,NO,233,251,736.117
4058734,58734,BSH,Hamstrings,Post,1,NO,234,251,770.504
4058985,58985,BSH,Hamstrings,Post,1,NO,235,251,816.449
4059236,59236,BSH,Hamstrings,Post,1,NO,236,251,873.536
4059487,59487,BSH,Hamstrings,Post,1,NO,237,251,941.318
4059738,59738,BSH,Hamstrings,Post,1,NO,238,251,993.726
4059989,59989,BSH,Hamstrings,Post,1,NO,239,251,1080.973
4060240,60240,BSH,Hamstrings,Post,1,NO,240,251,1084.389
4060491,60491,BSH,Hamstrings,Post,1,NO,241,251,1012.014
4056196,56196,BSH,Hamstrings,Post,1,NO,223,252,740.636
4056448,56448,BSH,Hamstrings,Post,1,NO,224,252,680.512
4056700,56700,BSH,Hamstrings,Post,1,NO,225,252,664.381
4056952,56952,BSH,Hamstrings,Post,1,NO,226,252,676.143
4057204,57204,BSH,Hamstrings,Post,1,NO,227,252,691.422
4057456,57456,BSH,Hamstrings,Post,1,NO,228,252,691.77
4057708,57708,BSH,Hamstrings,Post,1,NO,229,252,690.04
4057960,57960,BSH,Hamstrings,Post,1,NO,230,252,689.657
4058212,58212,BSH,Hamstrings,Post,1,NO,231,252,695.171
4058464,58464,BSH,Hamstrings,Post,1,NO,232,252,711.1
4058716,58716,BSH,Hamstrings,Post,1,NO,233,252,737.407
4058968,58968,BSH,Hamstrings,Post,1,NO,234,252,775.019
4059220,59220,BSH,Hamstrings,Post,1,NO,235,252,822.714
4059472,59472,BSH,Hamstrings,Post,1,NO,236,252,880.517
4059724,59724,BSH,Hamstrings,Post,1,NO,237,252,943.296
4059976,59976,BSH,Hamstrings,Post,1,NO,238,252,998.306
4060228,60228,BSH,Hamstrings,Post,1,NO,239,252,1052.422
4060480,60480,BSH,Hamstrings,Post,1,NO,240,252,1026.841
4060732,60732,BSH,Hamstrings,Post,1,NO,241,252,953.46
4056419,56419,BSH,Hamstrings,Post,1,NO,223,253,721.461
4056672,56672,BSH,Hamstrings,Post,1,NO,224,253,677.735
4056925,56925,BSH,Hamstrings,Post,1,NO,225,253,670.295
4057178,57178,BSH,Hamstrings,Post,1,NO,226,253,680.943
4057431,57431,BSH,Hamstrings,Post,1,NO,227,253,690.365
4057684,57684,BSH,Hamstrings,Post,1,NO,228,253,690.67
4057937,57937,BSH,Hamstrings,Post,1,NO,229,253,690.062
4058190,58190,BSH,Hamstrings,Post,1,NO,230,253,691.487
4058443,58443,BSH,Hamstrings,Post,1,NO,231,253,698.535
4058696,58696,BSH,Hamstrings,Post,1,NO,232,253,714.493
4058949,58949,BSH,Hamstrings,Post,1,NO,233,253,741.482
4059202,59202,BSH,Hamstrings,Post,1,NO,234,253,780.051
4059455,59455,BSH,Hamstrings,Post,1,NO,235,253,828.457
4059708,59708,BSH,Hamstrings,Post,1,NO,236,253,882.735
4059961,59961,BSH,Hamstrings,Post,1,NO,237,253,939.767
4060214,60214,BSH,Hamstrings,Post,1,NO,238,253,991.057
4060467,60467,BSH,Hamstrings,Post,1,NO,239,253,1016.609
4060720,60720,BSH,Hamstrings,Post,1,NO,240,253,974.748
4060973,60973,BSH,Hamstrings,Post,1,NO,241,253,911.916
4056642,56642,BSH,Hamstrings,Post,1,NO,223,254,713.784
4056896,56896,BSH,Hamstrings,Post,1,NO,224,254,680.318
4057150,57150,BSH,Hamstrings,Post,1,NO,225,254,676.063
4057404,57404,BSH,Hamstrings,Post,1,NO,226,254,683.676
4057658,57658,BSH,Hamstrings,Post,1,NO,227,254,689.619
4057912,57912,BSH,Hamstrings,Post,1,NO,228,254,690.09
4058166,58166,BSH,Hamstrings,Post,1,NO,229,254,690.215
4058420,58420,BSH,Hamstrings,Post,1,NO,230,254,693.101
4058674,58674,BSH,Hamstrings,Post,1,NO,231,254,701.896
4058928,58928,BSH,Hamstrings,Post,1,NO,232,254,719.39
4059182,59182,BSH,Hamstrings,Post,1,NO,233,254,747.101
4059436,59436,BSH,Hamstrings,Post,1,NO,234,254,785.255
4059690,59690,BSH,Hamstrings,Post,1,NO,235,254,831.668
4059944,59944,BSH,Hamstrings,Post,1,NO,236,254,882.769
4060198,60198,BSH,Hamstrings,Post,1,NO,237,254,931.888
4060452,60452,BSH,Hamstrings,Post,1,NO,238,254,975.541
4060706,60706,BSH,Hamstrings,Post,1,NO,239,254,979.994
4060960,60960,BSH,Hamstrings,Post,1,NO,240,254,931.125
4061214,61214,BSH,Hamstrings,Post,1,NO,241,254,880.47
4056610,56610,BSH,Hamstrings,Post,1,NO,222,255,766.241
4056865,56865,BSH,Hamstrings,Post,1,NO,223,255,704.661
4057120,57120,BSH,Hamstrings,Post,1,NO,224,255,682.869
4057375,57375,BSH,Hamstrings,Post,1,NO,225,255,681.543
4057630,57630,BSH,Hamstrings,Post,1,NO,226,255,689.108
4057885,57885,BSH,Hamstrings,Post,1,NO,227,255,690.543
4058140,58140,BSH,Hamstrings,Post,1,NO,228,255,689.912
4058395,58395,BSH,Hamstrings,Post,1,NO,229,255,691.047
4058650,58650,BSH,Hamstrings,Post,1,NO,230,255,695.097
4058905,58905,BSH,Hamstrings,Post,1,NO,231,255,705.085
4059160,59160,BSH,Hamstrings,Post,1,NO,232,255,723.909
4059415,59415,BSH,Hamstrings,Post,1,NO,233,255,752.349
4059670,59670,BSH,Hamstrings,Post,1,NO,234,255,789.896
4059925,59925,BSH,Hamstrings,Post,1,NO,235,255,834.165
4060180,60180,BSH,Hamstrings,Post,1,NO,236,255,880.433
4060435,60435,BSH,Hamstrings,Post,1,NO,237,255,923.055
4060690,60690,BSH,Hamstrings,Post,1,NO,238,255,955.444
4060945,60945,BSH,Hamstrings,Post,1,NO,239,255,946.681
4061200,61200,BSH,Hamstrings,Post,1,NO,240,255,906.836
4061455,61455,BSH,Hamstrings,Post,1,NO,241,255,869.42
4056832,56832,BSH,Hamstrings,Post,1,NO,222,256,753.128
4057088,57088,BSH,Hamstrings,Post,1,NO,223,256,706.933
4057344,57344,BSH,Hamstrings,Post,1,NO,224,256,688.968
4057600,57600,BSH,Hamstrings,Post,1,NO,225,256,686.92
4057856,57856,BSH,Hamstrings,Post,1,NO,226,256,692.689
4058112,58112,BSH,Hamstrings,Post,1,NO,227,256,692.622
4058368,58368,BSH,Hamstrings,Post,1,NO,228,256,692.886
4058624,58624,BSH,Hamstrings,Post,1,NO,229,256,693.282
4058880,58880,BSH,Hamstrings,Post,1,NO,230,256,697.621
4059136,59136,BSH,Hamstrings,Post,1,NO,231,256,709.201
4059392,59392,BSH,Hamstrings,Post,1,NO,232,256,728.528
4059648,59648,BSH,Hamstrings,Post,1,NO,233,256,757.642
4059904,59904,BSH,Hamstrings,Post,1,NO,234,256,794.746
4060160,60160,BSH,Hamstrings,Post,1,NO,235,256,836.363
4060416,60416,BSH,Hamstrings,Post,1,NO,236,256,878.729
4060672,60672,BSH,Hamstrings,Post,1,NO,237,256,913.047
4060928,60928,BSH,Hamstrings,Post,1,NO,238,256,939.089
4061184,61184,BSH,Hamstrings,Post,1,NO,239,256,922.928
4061440,61440,BSH,Hamstrings,Post,1,NO,240,256,892.27
4061696,61696,BSH,Hamstrings,Post,1,NO,241,256,870.214
4057054,57054,BSH,Hamstrings,Post,1,NO,222,257,743.548
4057311,57311,BSH,Hamstrings,Post,1,NO,223,257,706.775
4057568,57568,BSH,Hamstrings,Post,1,NO,224,257,693.485
4057825,57825,BSH,Hamstrings,Post,1,NO,225,257,693.01
4058082,58082,BSH,Hamstrings,Post,1,NO,226,257,699.237
4058339,58339,BSH,Hamstrings,Post,1,NO,227,257,699.26
4058596,58596,BSH,Hamstrings,Post,1,NO,228,257,697.86
4058853,58853,BSH,Hamstrings,Post,1,NO,229,257,697.899
4059110,59110,BSH,Hamstrings,Post,1,NO,230,257,703.146
4059367,59367,BSH,Hamstrings,Post,1,NO,231,257,714.433
4059624,59624,BSH,Hamstrings,Post,1,NO,232,257,735.637
4059881,59881,BSH,Hamstrings,Post,1,NO,233,257,765.347
4060138,60138,BSH,Hamstrings,Post,1,NO,234,257,801.075
4060395,60395,BSH,Hamstrings,Post,1,NO,235,257,841.891
4060652,60652,BSH,Hamstrings,Post,1,NO,236,257,877.98
4060909,60909,BSH,Hamstrings,Post,1,NO,237,257,904.929
4061166,61166,BSH,Hamstrings,Post,1,NO,238,257,926.4
4061423,61423,BSH,Hamstrings,Post,1,NO,239,257,916.962
4061680,61680,BSH,Hamstrings,Post,1,NO,240,257,895.088
4061937,61937,BSH,Hamstrings,Post,1,NO,241,257,879.221
4057018,57018,BSH,Hamstrings,Post,1,NO,221,258,792.737
4057276,57276,BSH,Hamstrings,Post,1,NO,222,258,739.599
4057534,57534,BSH,Hamstrings,Post,1,NO,223,258,711.765
4057792,57792,BSH,Hamstrings,Post,1,NO,224,258,701.442
4058050,58050,BSH,Hamstrings,Post,1,NO,225,258,701.809
4058308,58308,BSH,Hamstrings,Post,1,NO,226,258,710.003
4058566,58566,BSH,Hamstrings,Post,1,NO,227,258,707.84
4058824,58824,BSH,Hamstrings,Post,1,NO,228,258,707.536
4059082,59082,BSH,Hamstrings,Post,1,NO,229,258,708
4059340,59340,BSH,Hamstrings,Post,1,NO,230,258,710.667
4059598,59598,BSH,Hamstrings,Post,1,NO,231,258,724.62
4059856,59856,BSH,Hamstrings,Post,1,NO,232,258,747.055
4060114,60114,BSH,Hamstrings,Post,1,NO,233,258,776.48
4060372,60372,BSH,Hamstrings,Post,1,NO,234,258,814.839
4060630,60630,BSH,Hamstrings,Post,1,NO,235,258,851.693
4060888,60888,BSH,Hamstrings,Post,1,NO,236,258,887.302
4061146,61146,BSH,Hamstrings,Post,1,NO,237,258,908.025
4061404,61404,BSH,Hamstrings,Post,1,NO,238,258,922.642
4061662,61662,BSH,Hamstrings,Post,1,NO,239,258,920.254
4061920,61920,BSH,Hamstrings,Post,1,NO,240,258,913.694
4062178,62178,BSH,Hamstrings,Post,1,NO,241,258,906.557
4057239,57239,BSH,Hamstrings,Post,1,NO,221,259,781.992
4057498,57498,BSH,Hamstrings,Post,1,NO,222,259,739.367
4057757,57757,BSH,Hamstrings,Post,1,NO,223,259,717.132
4058016,58016,BSH,Hamstrings,Post,1,NO,224,259,710.113
4058275,58275,BSH,Hamstrings,Post,1,NO,225,259,713.501
4058534,58534,BSH,Hamstrings,Post,1,NO,226,259,723.771
4058793,58793,BSH,Hamstrings,Post,1,NO,227,259,723.583
4059052,59052,BSH,Hamstrings,Post,1,NO,228,259,722.132
4059311,59311,BSH,Hamstrings,Post,1,NO,229,259,720.975
4059570,59570,BSH,Hamstrings,Post,1,NO,230,259,727.624
4059829,59829,BSH,Hamstrings,Post,1,NO,231,259,740.416
4060088,60088,BSH,Hamstrings,Post,1,NO,232,259,763.065
4060347,60347,BSH,Hamstrings,Post,1,NO,233,259,797.79
4060606,60606,BSH,Hamstrings,Post,1,NO,234,259,834.904
4060865,60865,BSH,Hamstrings,Post,1,NO,235,259,873.188
4061124,61124,BSH,Hamstrings,Post,1,NO,236,259,905.558
4061383,61383,BSH,Hamstrings,Post,1,NO,237,259,909.146
4061642,61642,BSH,Hamstrings,Post,1,NO,238,259,935.614
4061901,61901,BSH,Hamstrings,Post,1,NO,239,259,943.893
4062160,62160,BSH,Hamstrings,Post,1,NO,240,259,943.725
4062419,62419,BSH,Hamstrings,Post,1,NO,241,259,938.944
4057200,57200,BSH,Hamstrings,Post,1,NO,220,260,827.304
4057460,57460,BSH,Hamstrings,Post,1,NO,221,260,773.013
4057720,57720,BSH,Hamstrings,Post,1,NO,222,260,739.688
4057980,57980,BSH,Hamstrings,Post,1,NO,223,260,723.553
4058240,58240,BSH,Hamstrings,Post,1,NO,224,260,721.869
4058500,58500,BSH,Hamstrings,Post,1,NO,225,260,744.058
4058760,58760,BSH,Hamstrings,Post,1,NO,226,260,744.86
4059020,59020,BSH,Hamstrings,Post,1,NO,227,260,743.166
4059280,59280,BSH,Hamstrings,Post,1,NO,228,260,741.368
4059540,59540,BSH,Hamstrings,Post,1,NO,229,260,744.133
4059800,59800,BSH,Hamstrings,Post,1,NO,230,260,750.58
4060060,60060,BSH,Hamstrings,Post,1,NO,231,260,763.793
4060320,60320,BSH,Hamstrings,Post,1,NO,232,260,791.13
4060580,60580,BSH,Hamstrings,Post,1,NO,233,260,826.027
4060840,60840,BSH,Hamstrings,Post,1,NO,234,260,865.457
4061100,61100,BSH,Hamstrings,Post,1,NO,235,260,904.96
4061360,61360,BSH,Hamstrings,Post,1,NO,236,260,933.345
4061620,61620,BSH,Hamstrings,Post,1,NO,237,260,922.937
4061880,61880,BSH,Hamstrings,Post,1,NO,238,260,962.641
4062140,62140,BSH,Hamstrings,Post,1,NO,239,260,979.937
4062400,62400,BSH,Hamstrings,Post,1,NO,240,260,979.536
4062660,62660,BSH,Hamstrings,Post,1,NO,241,260,973.449
4057420,57420,BSH,Hamstrings,Post,1,NO,220,261,813.253
4057681,57681,BSH,Hamstrings,Post,1,NO,221,261,770.805
4057942,57942,BSH,Hamstrings,Post,1,NO,222,261,745.244
4058203,58203,BSH,Hamstrings,Post,1,NO,223,261,735.237
4058464,58464,BSH,Hamstrings,Post,1,NO,224,261,739.052
4058725,58725,BSH,Hamstrings,Post,1,NO,225,261,769.325
4058986,58986,BSH,Hamstrings,Post,1,NO,226,261,769.305
4059247,59247,BSH,Hamstrings,Post,1,NO,227,261,769.44
4059508,59508,BSH,Hamstrings,Post,1,NO,228,261,769.691
4059769,59769,BSH,Hamstrings,Post,1,NO,229,261,772.066
4060030,60030,BSH,Hamstrings,Post,1,NO,230,261,780.956
4060291,60291,BSH,Hamstrings,Post,1,NO,231,261,800.124
4060552,60552,BSH,Hamstrings,Post,1,NO,232,261,826.807
4060813,60813,BSH,Hamstrings,Post,1,NO,233,261,864.168
4061074,61074,BSH,Hamstrings,Post,1,NO,234,261,907.132
4061335,61335,BSH,Hamstrings,Post,1,NO,235,261,944.619
4061596,61596,BSH,Hamstrings,Post,1,NO,236,261,974.783
4061857,61857,BSH,Hamstrings,Post,1,NO,237,261,955.613
4062118,62118,BSH,Hamstrings,Post,1,NO,238,261,1000.614
4062379,62379,BSH,Hamstrings,Post,1,NO,239,261,1019.688
4062640,62640,BSH,Hamstrings,Post,1,NO,240,261,1016.529
4062901,62901,BSH,Hamstrings,Post,1,NO,241,261,1009.126
4057378,57378,BSH,Hamstrings,Post,1,NO,219,262,851.418
4057640,57640,BSH,Hamstrings,Post,1,NO,220,262,803.089
4057902,57902,BSH,Hamstrings,Post,1,NO,221,262,769.198
4058164,58164,BSH,Hamstrings,Post,1,NO,222,262,751.337
4058426,58426,BSH,Hamstrings,Post,1,NO,223,262,750.201
4058688,58688,BSH,Hamstrings,Post,1,NO,224,262,763.391
4058950,58950,BSH,Hamstrings,Post,1,NO,225,262,799.344
4059212,59212,BSH,Hamstrings,Post,1,NO,226,262,802.951
4059474,59474,BSH,Hamstrings,Post,1,NO,227,262,803.312
4059736,59736,BSH,Hamstrings,Post,1,NO,228,262,802.376
4059998,59998,BSH,Hamstrings,Post,1,NO,229,262,808.448
4060260,60260,BSH,Hamstrings,Post,1,NO,230,262,821.973
4060522,60522,BSH,Hamstrings,Post,1,NO,231,262,842.609
4060784,60784,BSH,Hamstrings,Post,1,NO,232,262,873.1
4061046,61046,BSH,Hamstrings,Post,1,NO,233,262,913.13
4061308,61308,BSH,Hamstrings,Post,1,NO,234,262,955.323
4061570,61570,BSH,Hamstrings,Post,1,NO,235,262,993.88
4061832,61832,BSH,Hamstrings,Post,1,NO,236,262,1021.374
4062094,62094,BSH,Hamstrings,Post,1,NO,237,262,997.32
4062356,62356,BSH,Hamstrings,Post,1,NO,238,262,1045.363
4062618,62618,BSH,Hamstrings,Post,1,NO,239,262,1059.762
4062880,62880,BSH,Hamstrings,Post,1,NO,240,262,1052.155
4063142,63142,BSH,Hamstrings,Post,1,NO,241,262,1046.316
4057597,57597,BSH,Hamstrings,Post,1,NO,219,263,834.113
4057860,57860,BSH,Hamstrings,Post,1,NO,220,263,795.899
4058123,58123,BSH,Hamstrings,Post,1,NO,221,263,771.204
4058386,58386,BSH,Hamstrings,Post,1,NO,222,263,761.714
4058649,58649,BSH,Hamstrings,Post,1,NO,223,263,769.251
4058912,58912,BSH,Hamstrings,Post,1,NO,224,263,793.144
4059175,59175,BSH,Hamstrings,Post,1,NO,225,263,838.945
4059438,59438,BSH,Hamstrings,Post,1,NO,226,263,841.753
4059701,59701,BSH,Hamstrings,Post,1,NO,227,263,842.094
4059964,59964,BSH,Hamstrings,Post,1,NO,228,263,844.855
4060227,60227,BSH,Hamstrings,Post,1,NO,229,263,852.783
4060490,60490,BSH,Hamstrings,Post,1,NO,230,263,868.305
4060753,60753,BSH,Hamstrings,Post,1,NO,231,263,893.954
4061016,61016,BSH,Hamstrings,Post,1,NO,232,263,928.051
4061279,61279,BSH,Hamstrings,Post,1,NO,233,263,967.732
4061542,61542,BSH,Hamstrings,Post,1,NO,234,263,1010.7
4061805,61805,BSH,Hamstrings,Post,1,NO,235,263,1047.217
4062068,62068,BSH,Hamstrings,Post,1,NO,236,263,1071.24
4062331,62331,BSH,Hamstrings,Post,1,NO,237,263,1044.938
4062594,62594,BSH,Hamstrings,Post,1,NO,238,263,1090.147
4062857,62857,BSH,Hamstrings,Post,1,NO,239,263,1097.844
4063120,63120,BSH,Hamstrings,Post,1,NO,240,263,1087.016
4063383,63383,BSH,Hamstrings,Post,1,NO,241,263,1086.106
4057816,57816,BSH,Hamstrings,Post,1,NO,219,264,821.503
4058080,58080,BSH,Hamstrings,Post,1,NO,220,264,793.179
4058344,58344,BSH,Hamstrings,Post,1,NO,221,264,778.074
4058608,58608,BSH,Hamstrings,Post,1,NO,222,264,780.621
4058872,58872,BSH,Hamstrings,Post,1,NO,223,264,800.788
4059136,59136,BSH,Hamstrings,Post,1,NO,224,264,834.602
4059400,59400,BSH,Hamstrings,Post,1,NO,225,264,883.004
4059664,59664,BSH,Hamstrings,Post,1,NO,226,264,887.765
4059928,59928,BSH,Hamstrings,Post,1,NO,227,264,890.716
4060192,60192,BSH,Hamstrings,Post,1,NO,228,264,893.802
4060456,60456,BSH,Hamstrings,Post,1,NO,229,264,901.783
4060720,60720,BSH,Hamstrings,Post,1,NO,230,264,922.673
4060984,60984,BSH,Hamstrings,Post,1,NO,231,264,951.257
4061248,61248,BSH,Hamstrings,Post,1,NO,232,264,986.434
4061512,61512,BSH,Hamstrings,Post,1,NO,233,264,1027.129
4061776,61776,BSH,Hamstrings,Post,1,NO,234,264,1068.513
4062040,62040,BSH,Hamstrings,Post,1,NO,235,264,1101.482
4062304,62304,BSH,Hamstrings,Post,1,NO,236,264,1121.605
4062568,62568,BSH,Hamstrings,Post,1,NO,237,264,1095.243
4062832,62832,BSH,Hamstrings,Post,1,NO,238,264,1131.889
4063096,63096,BSH,Hamstrings,Post,1,NO,239,264,1132.664
4063360,63360,BSH,Hamstrings,Post,1,NO,240,264,1122.181
4057770,57770,BSH,Hamstrings,Post,1,NO,218,265,843.766
4058035,58035,BSH,Hamstrings,Post,1,NO,219,265,812.147
4058300,58300,BSH,Hamstrings,Post,1,NO,220,265,791.177
4058565,58565,BSH,Hamstrings,Post,1,NO,221,265,788.965
4058830,58830,BSH,Hamstrings,Post,1,NO,222,265,805.929
4059095,59095,BSH,Hamstrings,Post,1,NO,223,265,839.519
4059360,59360,BSH,Hamstrings,Post,1,NO,224,265,886.032
4059625,59625,BSH,Hamstrings,Post,1,NO,225,265,938.116
4059890,59890,BSH,Hamstrings,Post,1,NO,226,265,940.966
4060155,60155,BSH,Hamstrings,Post,1,NO,227,265,942.555
4060420,60420,BSH,Hamstrings,Post,1,NO,228,265,947.586
4060685,60685,BSH,Hamstrings,Post,1,NO,229,265,958.818
4060950,60950,BSH,Hamstrings,Post,1,NO,230,265,980.318
4061215,61215,BSH,Hamstrings,Post,1,NO,231,265,1011.049
4061480,61480,BSH,Hamstrings,Post,1,NO,232,265,1047.622
4061745,61745,BSH,Hamstrings,Post,1,NO,233,265,1086.258
4062010,62010,BSH,Hamstrings,Post,1,NO,234,265,1124.291
4062275,62275,BSH,Hamstrings,Post,1,NO,235,265,1154.258
4062540,62540,BSH,Hamstrings,Post,1,NO,236,265,1168.074
4062805,62805,BSH,Hamstrings,Post,1,NO,237,265,1143.088
4063070,63070,BSH,Hamstrings,Post,1,NO,238,265,1169.548
4063335,63335,BSH,Hamstrings,Post,1,NO,239,265,1164.66
4063600,63600,BSH,Hamstrings,Post,1,NO,240,265,1158.719
4057988,57988,BSH,Hamstrings,Post,1,NO,218,266,829.24
4058254,58254,BSH,Hamstrings,Post,1,NO,219,266,807.766
4058520,58520,BSH,Hamstrings,Post,1,NO,220,266,799.342
4058786,58786,BSH,Hamstrings,Post,1,NO,221,266,809.772
4059052,59052,BSH,Hamstrings,Post,1,NO,222,266,843.041
4059318,59318,BSH,Hamstrings,Post,1,NO,223,266,891.683
4059584,59584,BSH,Hamstrings,Post,1,NO,224,266,987.42
4059850,59850,BSH,Hamstrings,Post,1,NO,225,266,996.542
4060116,60116,BSH,Hamstrings,Post,1,NO,226,266,997.635
4060382,60382,BSH,Hamstrings,Post,1,NO,227,266,999.614
4060648,60648,BSH,Hamstrings,Post,1,NO,228,266,1005.211
4060914,60914,BSH,Hamstrings,Post,1,NO,229,266,1017.487
4061180,61180,BSH,Hamstrings,Post,1,NO,230,266,1039.771
4061446,61446,BSH,Hamstrings,Post,1,NO,231,266,1071.468
4061712,61712,BSH,Hamstrings,Post,1,NO,232,266,1106.57
4061978,61978,BSH,Hamstrings,Post,1,NO,233,266,1142.95
4062244,62244,BSH,Hamstrings,Post,1,NO,234,266,1176.554
4062510,62510,BSH,Hamstrings,Post,1,NO,235,266,1201.07
4062776,62776,BSH,Hamstrings,Post,1,NO,236,266,1210.102
4063042,63042,BSH,Hamstrings,Post,1,NO,237,266,1185.721
4063308,63308,BSH,Hamstrings,Post,1,NO,238,266,1202.703
4063574,63574,BSH,Hamstrings,Post,1,NO,239,266,1195.606
4063840,63840,BSH,Hamstrings,Post,1,NO,240,266,1197.501
4057939,57939,BSH,Hamstrings,Post,1,NO,217,267,842.896
4058206,58206,BSH,Hamstrings,Post,1,NO,218,267,819.451
4058473,58473,BSH,Hamstrings,Post,1,NO,219,267,807.843
4058740,58740,BSH,Hamstrings,Post,1,NO,220,267,815.373
4059007,59007,BSH,Hamstrings,Post,1,NO,221,267,843.509
4059274,59274,BSH,Hamstrings,Post,1,NO,222,267,891.017
4059541,59541,BSH,Hamstrings,Post,1,NO,223,267,955.43
4059808,59808,BSH,Hamstrings,Post,1,NO,224,267,1053.32
4060075,60075,BSH,Hamstrings,Post,1,NO,225,267,1059.78
4060342,60342,BSH,Hamstrings,Post,1,NO,226,267,1059.535
4060609,60609,BSH,Hamstrings,Post,1,NO,227,267,1057.561
4060876,60876,BSH,Hamstrings,Post,1,NO,228,267,1062.745
4061143,61143,BSH,Hamstrings,Post,1,NO,229,267,1076.268
4061410,61410,BSH,Hamstrings,Post,1,NO,230,267,1097.642
4061677,61677,BSH,Hamstrings,Post,1,NO,231,267,1128.168
4061944,61944,BSH,Hamstrings,Post,1,NO,232,267,1162.301
4062211,62211,BSH,Hamstrings,Post,1,NO,233,267,1194.414
4062478,62478,BSH,Hamstrings,Post,1,NO,234,267,1221.106
4062745,62745,BSH,Hamstrings,Post,1,NO,235,267,1241.056
4063012,63012,BSH,Hamstrings,Post,1,NO,236,267,1246.499
4063279,63279,BSH,Hamstrings,Post,1,NO,237,267,1222.756
4063546,63546,BSH,Hamstrings,Post,1,NO,238,267,1230.954
4063813,63813,BSH,Hamstrings,Post,1,NO,239,267,1226.392
4057888,57888,BSH,Hamstrings,Post,1,NO,216,268,853.256
4058156,58156,BSH,Hamstrings,Post,1,NO,217,268,829.952
4058424,58424,BSH,Hamstrings,Post,1,NO,218,268,816.129
4058692,58692,BSH,Hamstrings,Post,1,NO,219,268,816.252
4058960,58960,BSH,Hamstrings,Post,1,NO,220,268,840.457
4059228,59228,BSH,Hamstrings,Post,1,NO,221,268,891.245
4059496,59496,BSH,Hamstrings,Post,1,NO,222,268,943.292
4059764,59764,BSH,Hamstrings,Post,1,NO,223,268,1028.444
4060032,60032,BSH,Hamstrings,Post,1,NO,224,268,1162.534
4060300,60300,BSH,Hamstrings,Post,1,NO,225,268,1152.682
4060568,60568,BSH,Hamstrings,Post,1,NO,226,268,1132.799
4060836,60836,BSH,Hamstrings,Post,1,NO,227,268,1115.154
4061104,61104,BSH,Hamstrings,Post,1,NO,228,268,1117.823
4061372,61372,BSH,Hamstrings,Post,1,NO,229,268,1129.694
4061640,61640,BSH,Hamstrings,Post,1,NO,230,268,1150.971
4061908,61908,BSH,Hamstrings,Post,1,NO,231,268,1181.07
4062176,62176,BSH,Hamstrings,Post,1,NO,232,268,1210.551
4062444,62444,BSH,Hamstrings,Post,1,NO,233,268,1237.121
4062712,62712,BSH,Hamstrings,Post,1,NO,234,268,1259.426
4062980,62980,BSH,Hamstrings,Post,1,NO,235,268,1274.318
4063248,63248,BSH,Hamstrings,Post,1,NO,236,268,1274.488
4063516,63516,BSH,Hamstrings,Post,1,NO,237,268,1254.013
4063784,63784,BSH,Hamstrings,Post,1,NO,238,268,1256.416
4064052,64052,BSH,Hamstrings,Post,1,NO,239,268,1257.702
4057835,57835,BSH,Hamstrings,Post,1,NO,215,269,861.249
4058104,58104,BSH,Hamstrings,Post,1,NO,216,269,836.941
4058373,58373,BSH,Hamstrings,Post,1,NO,217,269,821.187
4058642,58642,BSH,Hamstrings,Post,1,NO,218,269,820.206
4058911,58911,BSH,Hamstrings,Post,1,NO,219,269,840.582
4059180,59180,BSH,Hamstrings,Post,1,NO,220,269,884.008
4059449,59449,BSH,Hamstrings,Post,1,NO,221,269,950.12
4059718,59718,BSH,Hamstrings,Post,1,NO,222,269,1047.072
4059987,59987,BSH,Hamstrings,Post,1,NO,223,269,1146.108
4060256,60256,BSH,Hamstrings,Post,1,NO,224,269,1275.928
4060525,60525,BSH,Hamstrings,Post,1,NO,225,269,1256.113
4060794,60794,BSH,Hamstrings,Post,1,NO,226,269,1226.906
4061063,61063,BSH,Hamstrings,Post,1,NO,227,269,1201.641
4061332,61332,BSH,Hamstrings,Post,1,NO,228,269,1186.511
4061601,61601,BSH,Hamstrings,Post,1,NO,229,269,1185.064
4061870,61870,BSH,Hamstrings,Post,1,NO,230,269,1198.377
4062139,62139,BSH,Hamstrings,Post,1,NO,231,269,1222.941
4062408,62408,BSH,Hamstrings,Post,1,NO,232,269,1249.655
4062677,62677,BSH,Hamstrings,Post,1,NO,233,269,1273.045
4062946,62946,BSH,Hamstrings,Post,1,NO,234,269,1290.532
4063215,63215,BSH,Hamstrings,Post,1,NO,235,269,1298.364
4063484,63484,BSH,Hamstrings,Post,1,NO,236,269,1297.476
4063753,63753,BSH,Hamstrings,Post,1,NO,237,269,1278.935
4064022,64022,BSH,Hamstrings,Post,1,NO,238,269,1280.283
4064291,64291,BSH,Hamstrings,Post,1,NO,239,269,1289.963
4058050,58050,BSH,Hamstrings,Post,1,NO,215,270,843.564
4058320,58320,BSH,Hamstrings,Post,1,NO,216,270,827.503
4058590,58590,BSH,Hamstrings,Post,1,NO,217,270,821.928
4058860,58860,BSH,Hamstrings,Post,1,NO,218,270,834.3
4059130,59130,BSH,Hamstrings,Post,1,NO,219,270,875.064
4059400,59400,BSH,Hamstrings,Post,1,NO,220,270,956.67
4059670,59670,BSH,Hamstrings,Post,1,NO,221,270,1060.511
4059940,59940,BSH,Hamstrings,Post,1,NO,222,270,1171.751
4060210,60210,BSH,Hamstrings,Post,1,NO,223,270,1274.196
4060480,60480,BSH,Hamstrings,Post,1,NO,224,270,1382.628
4060750,60750,BSH,Hamstrings,Post,1,NO,225,270,1345.964
4061020,61020,BSH,Hamstrings,Post,1,NO,226,270,1301.855
4061290,61290,BSH,Hamstrings,Post,1,NO,227,270,1265.718
4061560,61560,BSH,Hamstrings,Post,1,NO,228,270,1246.073
4061830,61830,BSH,Hamstrings,Post,1,NO,229,270,1240.341
4062100,62100,BSH,Hamstrings,Post,1,NO,230,270,1250.484
4062370,62370,BSH,Hamstrings,Post,1,NO,231,270,1266.505
4062640,62640,BSH,Hamstrings,Post,1,NO,232,270,1284.319
4062910,62910,BSH,Hamstrings,Post,1,NO,233,270,1300.138
4063180,63180,BSH,Hamstrings,Post,1,NO,234,270,1311.779
4063450,63450,BSH,Hamstrings,Post,1,NO,235,270,1317.437
4063720,63720,BSH,Hamstrings,Post,1,NO,236,270,1315.59
4063990,63990,BSH,Hamstrings,Post,1,NO,237,270,1299.284
4064260,64260,BSH,Hamstrings,Post,1,NO,238,270,1303.277
4057994,57994,BSH,Hamstrings,Post,1,NO,214,271,850.965
4058265,58265,BSH,Hamstrings,Post,1,NO,215,271,831.958
4058536,58536,BSH,Hamstrings,Post,1,NO,216,271,823.774
4058807,58807,BSH,Hamstrings,Post,1,NO,217,271,832.115
4059078,59078,BSH,Hamstrings,Post,1,NO,218,271,874.408
4059349,59349,BSH,Hamstrings,Post,1,NO,219,271,956.287
4059620,59620,BSH,Hamstrings,Post,1,NO,220,271,1070.089
4059891,59891,BSH,Hamstrings,Post,1,NO,221,271,1197.722
4060162,60162,BSH,Hamstrings,Post,1,NO,222,271,1310.799
4060433,60433,BSH,Hamstrings,Post,1,NO,223,271,1400.855
4060704,60704,BSH,Hamstrings,Post,1,NO,224,271,1470.127
4060975,60975,BSH,Hamstrings,Post,1,NO,225,271,1410.391
4061246,61246,BSH,Hamstrings,Post,1,NO,226,271,1346.923
4061517,61517,BSH,Hamstrings,Post,1,NO,227,271,1298.058
4061788,61788,BSH,Hamstrings,Post,1,NO,228,271,1273.37
4062059,62059,BSH,Hamstrings,Post,1,NO,229,271,1263.687
4062330,62330,BSH,Hamstrings,Post,1,NO,230,271,1271.364
4062601,62601,BSH,Hamstrings,Post,1,NO,231,271,1290.813
4062872,62872,BSH,Hamstrings,Post,1,NO,232,271,1309.735
4063143,63143,BSH,Hamstrings,Post,1,NO,233,271,1325.204
4063414,63414,BSH,Hamstrings,Post,1,NO,234,271,1333.362
4063685,63685,BSH,Hamstrings,Post,1,NO,235,271,1333.594
4063956,63956,BSH,Hamstrings,Post,1,NO,236,271,1329.015
4064227,64227,BSH,Hamstrings,Post,1,NO,237,271,1297.471
4064498,64498,BSH,Hamstrings,Post,1,NO,238,271,1326.269
4057936,57936,BSH,Hamstrings,Post,1,NO,213,272,863.161
4058208,58208,BSH,Hamstrings,Post,1,NO,214,272,839.45
4058480,58480,BSH,Hamstrings,Post,1,NO,215,272,826.192
4058752,58752,BSH,Hamstrings,Post,1,NO,216,272,833.786
4059024,59024,BSH,Hamstrings,Post,1,NO,217,272,875.673
4059296,59296,BSH,Hamstrings,Post,1,NO,218,272,954.139
4059568,59568,BSH,Hamstrings,Post,1,NO,219,272,1077.2
4059840,59840,BSH,Hamstrings,Post,1,NO,220,272,1217.07
4060112,60112,BSH,Hamstrings,Post,1,NO,221,272,1353.874
4060384,60384,BSH,Hamstrings,Post,1,NO,222,272,1451.442
4060656,60656,BSH,Hamstrings,Post,1,NO,223,272,1510.039
4060928,60928,BSH,Hamstrings,Post,1,NO,224,272,1526.333
4061200,61200,BSH,Hamstrings,Post,1,NO,225,272,1440.302
4061472,61472,BSH,Hamstrings,Post,1,NO,226,272,1356.51
4061744,61744,BSH,Hamstrings,Post,1,NO,227,272,1297.137
4062016,62016,BSH,Hamstrings,Post,1,NO,228,272,1266.731
4062288,62288,BSH,Hamstrings,Post,1,NO,229,272,1258.261
4062560,62560,BSH,Hamstrings,Post,1,NO,230,272,1266.211
4062832,62832,BSH,Hamstrings,Post,1,NO,231,272,1286.466
4063104,63104,BSH,Hamstrings,Post,1,NO,232,272,1310.167
4063376,63376,BSH,Hamstrings,Post,1,NO,233,272,1328.85
4063648,63648,BSH,Hamstrings,Post,1,NO,234,272,1342.449
4063920,63920,BSH,Hamstrings,Post,1,NO,235,272,1349.923
4064192,64192,BSH,Hamstrings,Post,1,NO,236,272,1311.703
4064464,64464,BSH,Hamstrings,Post,1,NO,237,272,1337.862
4064736,64736,BSH,Hamstrings,Post,1,NO,238,272,1371.337
4057876,57876,BSH,Hamstrings,Post,1,NO,212,273,878.289
4058149,58149,BSH,Hamstrings,Post,1,NO,213,273,846.435
4058422,58422,BSH,Hamstrings,Post,1,NO,214,273,837.56
4058695,58695,BSH,Hamstrings,Post,1,NO,215,273,843.628
4058968,58968,BSH,Hamstrings,Post,1,NO,216,273,877.53
4059241,59241,BSH,Hamstrings,Post,1,NO,217,273,962.213
4059514,59514,BSH,Hamstrings,Post,1,NO,218,273,1079.629
4059787,59787,BSH,Hamstrings,Post,1,NO,219,273,1237.146
4060060,60060,BSH,Hamstrings,Post,1,NO,220,273,1389.902
4060333,60333,BSH,Hamstrings,Post,1,NO,221,273,1511.917
4060606,60606,BSH,Hamstrings,Post,1,NO,222,273,1574.474
4060879,60879,BSH,Hamstrings,Post,1,NO,223,273,1583.324
4061152,61152,BSH,Hamstrings,Post,1,NO,224,273,1542.831
4061425,61425,BSH,Hamstrings,Post,1,NO,225,273,1432.491
4061698,61698,BSH,Hamstrings,Post,1,NO,226,273,1332.615
4061971,61971,BSH,Hamstrings,Post,1,NO,227,273,1269.374
4062244,62244,BSH,Hamstrings,Post,1,NO,228,273,1239.329
4062517,62517,BSH,Hamstrings,Post,1,NO,229,273,1234.268
4062790,62790,BSH,Hamstrings,Post,1,NO,230,273,1247.386
4063063,63063,BSH,Hamstrings,Post,1,NO,231,273,1271.931
4063336,63336,BSH,Hamstrings,Post,1,NO,232,273,1298.617
4063609,63609,BSH,Hamstrings,Post,1,NO,233,273,1321.124
4063882,63882,BSH,Hamstrings,Post,1,NO,234,273,1339.229
4064155,64155,BSH,Hamstrings,Post,1,NO,235,273,1353.159
4064428,64428,BSH,Hamstrings,Post,1,NO,236,273,1363.451
4064701,64701,BSH,Hamstrings,Post,1,NO,237,273,1367.098
4057814,57814,BSH,Hamstrings,Post,1,NO,211,274,894.291
4058088,58088,BSH,Hamstrings,Post,1,NO,212,274,875.775
4058362,58362,BSH,Hamstrings,Post,1,NO,213,274,861.683
4058636,58636,BSH,Hamstrings,Post,1,NO,214,274,865.434
4058910,58910,BSH,Hamstrings,Post,1,NO,215,274,898.683
4059184,59184,BSH,Hamstrings,Post,1,NO,216,274,969.089
4059458,59458,BSH,Hamstrings,Post,1,NO,217,274,1097.317
4059732,59732,BSH,Hamstrings,Post,1,NO,218,274,1254.129
4060006,60006,BSH,Hamstrings,Post,1,NO,219,274,1422.425
4060280,60280,BSH,Hamstrings,Post,1,NO,220,274,1566.815
4060554,60554,BSH,Hamstrings,Post,1,NO,221,274,1645.927
4060828,60828,BSH,Hamstrings,Post,1,NO,222,274,1657.57
4061102,61102,BSH,Hamstrings,Post,1,NO,223,274,1608.019
4061376,61376,BSH,Hamstrings,Post,1,NO,224,274,1518.618
4061650,61650,BSH,Hamstrings,Post,1,NO,225,274,1391.758
4061924,61924,BSH,Hamstrings,Post,1,NO,226,274,1285.167
4062198,62198,BSH,Hamstrings,Post,1,NO,227,274,1227.393
4062472,62472,BSH,Hamstrings,Post,1,NO,228,274,1204.964
4062746,62746,BSH,Hamstrings,Post,1,NO,229,274,1208.51
4063020,63020,BSH,Hamstrings,Post,1,NO,230,274,1229.701
4063294,63294,BSH,Hamstrings,Post,1,NO,231,274,1259.755
4063568,63568,BSH,Hamstrings,Post,1,NO,232,274,1289.19
4063842,63842,BSH,Hamstrings,Post,1,NO,233,274,1314.087
4064116,64116,BSH,Hamstrings,Post,1,NO,234,274,1335.081
4064390,64390,BSH,Hamstrings,Post,1,NO,235,274,1353.47
4064664,64664,BSH,Hamstrings,Post,1,NO,236,274,1371.218
4064938,64938,BSH,Hamstrings,Post,1,NO,237,274,1387.724
4058025,58025,BSH,Hamstrings,Post,1,NO,211,275,927.425
4058300,58300,BSH,Hamstrings,Post,1,NO,212,275,913.77
4058575,58575,BSH,Hamstrings,Post,1,NO,213,275,906.774
4058850,58850,BSH,Hamstrings,Post,1,NO,214,275,933.145
4059125,59125,BSH,Hamstrings,Post,1,NO,215,275,996.041
4059400,59400,BSH,Hamstrings,Post,1,NO,216,275,1113.393
4059675,59675,BSH,Hamstrings,Post,1,NO,217,275,1273.15
4059950,59950,BSH,Hamstrings,Post,1,NO,218,275,1452.482
4060225,60225,BSH,Hamstrings,Post,1,NO,219,275,1603.074
4060500,60500,BSH,Hamstrings,Post,1,NO,220,275,1708.807
4060775,60775,BSH,Hamstrings,Post,1,NO,221,275,1728.062
4061050,61050,BSH,Hamstrings,Post,1,NO,222,275,1683.14
4061325,61325,BSH,Hamstrings,Post,1,NO,223,275,1580.724
4061600,61600,BSH,Hamstrings,Post,1,NO,224,275,1461.389
4061875,61875,BSH,Hamstrings,Post,1,NO,225,275,1330.138
4062150,62150,BSH,Hamstrings,Post,1,NO,226,275,1229.512
4062425,62425,BSH,Hamstrings,Post,1,NO,227,275,1185.682
4062700,62700,BSH,Hamstrings,Post,1,NO,228,275,1176.511
4062975,62975,BSH,Hamstrings,Post,1,NO,229,275,1191.889
4063250,63250,BSH,Hamstrings,Post,1,NO,230,275,1222.237
4063525,63525,BSH,Hamstrings,Post,1,NO,231,275,1257.599
4063800,63800,BSH,Hamstrings,Post,1,NO,232,275,1288.34
4064075,64075,BSH,Hamstrings,Post,1,NO,233,275,1314.279
4064350,64350,BSH,Hamstrings,Post,1,NO,234,275,1337.182
4064625,64625,BSH,Hamstrings,Post,1,NO,235,275,1359.787
4064900,64900,BSH,Hamstrings,Post,1,NO,236,275,1386.241
4057960,57960,BSH,Hamstrings,Post,1,NO,210,276,1012.174
4058236,58236,BSH,Hamstrings,Post,1,NO,211,276,985.639
4058512,58512,BSH,Hamstrings,Post,1,NO,212,276,973.073
4058788,58788,BSH,Hamstrings,Post,1,NO,213,276,975.322
4059064,59064,BSH,Hamstrings,Post,1,NO,214,276,1034.256
4059340,59340,BSH,Hamstrings,Post,1,NO,215,276,1133.298
4059616,59616,BSH,Hamstrings,Post,1,NO,216,276,1286.651
4059892,59892,BSH,Hamstrings,Post,1,NO,217,276,1460.912
4060168,60168,BSH,Hamstrings,Post,1,NO,218,276,1630.991
4060444,60444,BSH,Hamstrings,Post,1,NO,219,276,1739.885
4060720,60720,BSH,Hamstrings,Post,1,NO,220,276,1783.866
4060996,60996,BSH,Hamstrings,Post,1,NO,221,276,1740.556
4061272,61272,BSH,Hamstrings,Post,1,NO,222,276,1646.956
4061548,61548,BSH,Hamstrings,Post,1,NO,223,276,1510.927
4061824,61824,BSH,Hamstrings,Post,1,NO,224,276,1385.438
4062100,62100,BSH,Hamstrings,Post,1,NO,225,276,1263.177
4062376,62376,BSH,Hamstrings,Post,1,NO,226,276,1180.858
4062652,62652,BSH,Hamstrings,Post,1,NO,227,276,1155.665
4062928,62928,BSH,Hamstrings,Post,1,NO,228,276,1161.862
4063204,63204,BSH,Hamstrings,Post,1,NO,229,276,1188.633
4063480,63480,BSH,Hamstrings,Post,1,NO,230,276,1225.987
4063756,63756,BSH,Hamstrings,Post,1,NO,231,276,1263.987
4064032,64032,BSH,Hamstrings,Post,1,NO,232,276,1296.112
4064308,64308,BSH,Hamstrings,Post,1,NO,233,276,1325.023
4064584,64584,BSH,Hamstrings,Post,1,NO,234,276,1353.676
4064860,64860,BSH,Hamstrings,Post,1,NO,235,276,1385.442
4065136,65136,BSH,Hamstrings,Post,1,NO,236,276,1426.665
4057893,57893,BSH,Hamstrings,Post,1,NO,209,277,1106.354
4058170,58170,BSH,Hamstrings,Post,1,NO,210,277,1069.05
4058447,58447,BSH,Hamstrings,Post,1,NO,211,277,1038.173
4058724,58724,BSH,Hamstrings,Post,1,NO,212,277,1035.825
4059001,59001,BSH,Hamstrings,Post,1,NO,213,277,1060.437
4059278,59278,BSH,Hamstrings,Post,1,NO,214,277,1154.967
4059555,59555,BSH,Hamstrings,Post,1,NO,215,277,1284.06
4059832,59832,BSH,Hamstrings,Post,1,NO,216,277,1455.119
4060109,60109,BSH,Hamstrings,Post,1,NO,217,277,1612.139
4060386,60386,BSH,Hamstrings,Post,1,NO,218,277,1748.596
4060663,60663,BSH,Hamstrings,Post,1,NO,219,277,1795.536
4060940,60940,BSH,Hamstrings,Post,1,NO,220,277,1778.287
4061217,61217,BSH,Hamstrings,Post,1,NO,221,277,1685.064
4061494,61494,BSH,Hamstrings,Post,1,NO,222,277,1560.703
4061771,61771,BSH,Hamstrings,Post,1,NO,223,277,1418.063
4062048,62048,BSH,Hamstrings,Post,1,NO,224,277,1303.536
4062325,62325,BSH,Hamstrings,Post,1,NO,225,277,1205.205
4062602,62602,BSH,Hamstrings,Post,1,NO,226,277,1147.745
4062879,62879,BSH,Hamstrings,Post,1,NO,227,277,1143.13
4063156,63156,BSH,Hamstrings,Post,1,NO,228,277,1163.859
4063433,63433,BSH,Hamstrings,Post,1,NO,229,277,1198.694
4063710,63710,BSH,Hamstrings,Post,1,NO,230,277,1239.306
4063987,63987,BSH,Hamstrings,Post,1,NO,231,277,1277.951
4064264,64264,BSH,Hamstrings,Post,1,NO,232,277,1313.192
4064541,64541,BSH,Hamstrings,Post,1,NO,233,277,1271.812
4064818,64818,BSH,Hamstrings,Post,1,NO,234,277,1325.222
4065095,65095,BSH,Hamstrings,Post,1,NO,235,277,1382.159
4065372,65372,BSH,Hamstrings,Post,1,NO,236,277,1460.431
4057824,57824,BSH,Hamstrings,Post,1,NO,208,278,1183.132
4058102,58102,BSH,Hamstrings,Post,1,NO,209,278,1134.042
4058380,58380,BSH,Hamstrings,Post,1,NO,210,278,1094.541
4058658,58658,BSH,Hamstrings,Post,1,NO,211,278,1074.129
4058936,58936,BSH,Hamstrings,Post,1,NO,212,278,1094.448
4059214,59214,BSH,Hamstrings,Post,1,NO,213,278,1150.433
4059492,59492,BSH,Hamstrings,Post,1,NO,214,278,1272.003
4059770,59770,BSH,Hamstrings,Post,1,NO,215,278,1416.364
4060048,60048,BSH,Hamstrings,Post,1,NO,216,278,1575.122
4060326,60326,BSH,Hamstrings,Post,1,NO,217,278,1697.266
4060604,60604,BSH,Hamstrings,Post,1,NO,218,278,1783.541
4060882,60882,BSH,Hamstrings,Post,1,NO,219,278,1765.29
4061160,61160,BSH,Hamstrings,Post,1,NO,220,278,1703.582
4061438,61438,BSH,Hamstrings,Post,1,NO,221,278,1582.672
4061716,61716,BSH,Hamstrings,Post,1,NO,222,278,1452.857
4061994,61994,BSH,Hamstrings,Post,1,NO,223,278,1328.031
4062272,62272,BSH,Hamstrings,Post,1,NO,224,278,1234.378
4062550,62550,BSH,Hamstrings,Post,1,NO,225,278,1174.116
4062828,62828,BSH,Hamstrings,Post,1,NO,226,278,1143.296
4063106,63106,BSH,Hamstrings,Post,1,NO,227,278,1145.837
4063384,63384,BSH,Hamstrings,Post,1,NO,228,278,1172.32
4063662,63662,BSH,Hamstrings,Post,1,NO,229,278,1212.156
4063940,63940,BSH,Hamstrings,Post,1,NO,230,278,1255.565
4064218,64218,BSH,Hamstrings,Post,1,NO,231,278,1298.042
4064496,64496,BSH,Hamstrings,Post,1,NO,232,278,1341.629
4064774,64774,BSH,Hamstrings,Post,1,NO,233,278,1389.717
4065052,65052,BSH,Hamstrings,Post,1,NO,234,278,1446.397
4065330,65330,BSH,Hamstrings,Post,1,NO,235,278,1516.774
4058032,58032,BSH,Hamstrings,Post,1,NO,208,279,1167.747
4058311,58311,BSH,Hamstrings,Post,1,NO,209,279,1122.443
4058590,58590,BSH,Hamstrings,Post,1,NO,210,279,1094.168
4058869,58869,BSH,Hamstrings,Post,1,NO,211,279,1100.007
4059148,59148,BSH,Hamstrings,Post,1,NO,212,279,1148.987
4059427,59427,BSH,Hamstrings,Post,1,NO,213,279,1235.174
4059706,59706,BSH,Hamstrings,Post,1,NO,214,279,1369.388
4059985,59985,BSH,Hamstrings,Post,1,NO,215,279,1509.629
4060264,60264,BSH,Hamstrings,Post,1,NO,216,279,1634.981
4060543,60543,BSH,Hamstrings,Post,1,NO,217,279,1714.749
4060822,60822,BSH,Hamstrings,Post,1,NO,218,279,1736.311
4061101,61101,BSH,Hamstrings,Post,1,NO,219,279,1675.947
4061380,61380,BSH,Hamstrings,Post,1,NO,220,279,1587.794
4061659,61659,BSH,Hamstrings,Post,1,NO,221,279,1465.464
4061938,61938,BSH,Hamstrings,Post,1,NO,222,279,1349.977
4062217,62217,BSH,Hamstrings,Post,1,NO,223,279,1256.482
4062496,62496,BSH,Hamstrings,Post,1,NO,224,279,1189.662
4062775,62775,BSH,Hamstrings,Post,1,NO,225,279,1167.528
4063054,63054,BSH,Hamstrings,Post,1,NO,226,279,1149.289
4063333,63333,BSH,Hamstrings,Post,1,NO,227,279,1162.884
4063612,63612,BSH,Hamstrings,Post,1,NO,228,279,1198.245
4063891,63891,BSH,Hamstrings,Post,1,NO,229,279,1240.794
4064170,64170,BSH,Hamstrings,Post,1,NO,230,279,1286.578
4064449,64449,BSH,Hamstrings,Post,1,NO,231,279,1335.394
4064728,64728,BSH,Hamstrings,Post,1,NO,232,279,1389.531
4065007,65007,BSH,Hamstrings,Post,1,NO,233,279,1452.645
4065286,65286,BSH,Hamstrings,Post,1,NO,234,279,1528.622
4065565,65565,BSH,Hamstrings,Post,1,NO,235,279,1623.927
4057960,57960,BSH,Hamstrings,Post,1,NO,207,280,1177.644
4058240,58240,BSH,Hamstrings,Post,1,NO,208,280,1131.006
4058520,58520,BSH,Hamstrings,Post,1,NO,209,280,1104.814
4058800,58800,BSH,Hamstrings,Post,1,NO,210,280,1102.122
4059080,59080,BSH,Hamstrings,Post,1,NO,211,280,1138.672
4059360,59360,BSH,Hamstrings,Post,1,NO,212,280,1216.802
4059640,59640,BSH,Hamstrings,Post,1,NO,213,280,1322.418
4059920,59920,BSH,Hamstrings,Post,1,NO,214,280,1450.018
4060200,60200,BSH,Hamstrings,Post,1,NO,215,280,1567.307
4060480,60480,BSH,Hamstrings,Post,1,NO,216,280,1643.694
4060760,60760,BSH,Hamstrings,Post,1,NO,217,280,1674.291
4061040,61040,BSH,Hamstrings,Post,1,NO,218,280,1640.784
4061320,61320,BSH,Hamstrings,Post,1,NO,219,280,1568.124
4061600,61600,BSH,Hamstrings,Post,1,NO,220,280,1469.069
4061880,61880,BSH,Hamstrings,Post,1,NO,221,280,1369.028
4062160,62160,BSH,Hamstrings,Post,1,NO,222,280,1277.406
4062440,62440,BSH,Hamstrings,Post,1,NO,223,280,1220.132
4062720,62720,BSH,Hamstrings,Post,1,NO,224,280,1183.165
4063000,63000,BSH,Hamstrings,Post,1,NO,225,280,1173.562
4063280,63280,BSH,Hamstrings,Post,1,NO,226,280,1189.479
4063560,63560,BSH,Hamstrings,Post,1,NO,227,280,1210.952
4063840,63840,BSH,Hamstrings,Post,1,NO,228,280,1248.41
4064120,64120,BSH,Hamstrings,Post,1,NO,229,280,1294.585
4064400,64400,BSH,Hamstrings,Post,1,NO,230,280,1346.486
4064680,64680,BSH,Hamstrings,Post,1,NO,231,280,1404.838
4064960,64960,BSH,Hamstrings,Post,1,NO,232,280,1472.479
4065240,65240,BSH,Hamstrings,Post,1,NO,233,280,1553.03
4065520,65520,BSH,Hamstrings,Post,1,NO,234,280,1649.175
4065800,65800,BSH,Hamstrings,Post,1,NO,235,280,1759.386
4057886,57886,BSH,Hamstrings,Post,1,NO,206,281,1248.502
4058167,58167,BSH,Hamstrings,Post,1,NO,207,281,1187.717
4058448,58448,BSH,Hamstrings,Post,1,NO,208,281,1139.944
4058729,58729,BSH,Hamstrings,Post,1,NO,209,281,1138.909
4059010,59010,BSH,Hamstrings,Post,1,NO,210,281,1160.949
4059291,59291,BSH,Hamstrings,Post,1,NO,211,281,1230.023
4059572,59572,BSH,Hamstrings,Post,1,NO,212,281,1317.664
4059853,59853,BSH,Hamstrings,Post,1,NO,213,281,1428.647
4060134,60134,BSH,Hamstrings,Post,1,NO,214,281,1530.911
4060415,60415,BSH,Hamstrings,Post,1,NO,215,281,1613.928
4060696,60696,BSH,Hamstrings,Post,1,NO,216,281,1637.83
4060977,60977,BSH,Hamstrings,Post,1,NO,217,281,1631.519
4061258,61258,BSH,Hamstrings,Post,1,NO,218,281,1563.389
4061539,61539,BSH,Hamstrings,Post,1,NO,219,281,1483.736
4061820,61820,BSH,Hamstrings,Post,1,NO,220,281,1391.426
4062101,62101,BSH,Hamstrings,Post,1,NO,221,281,1309.142
4062382,62382,BSH,Hamstrings,Post,1,NO,222,281,1254.311
4062663,62663,BSH,Hamstrings,Post,1,NO,223,281,1214.562
4062944,62944,BSH,Hamstrings,Post,1,NO,224,281,1207.832
4063225,63225,BSH,Hamstrings,Post,1,NO,225,281,1214.757
4063506,63506,BSH,Hamstrings,Post,1,NO,226,281,1245.529
4063787,63787,BSH,Hamstrings,Post,1,NO,227,281,1277.329
4064068,64068,BSH,Hamstrings,Post,1,NO,228,281,1323.052
4064349,64349,BSH,Hamstrings,Post,1,NO,229,281,1376.74
4064630,64630,BSH,Hamstrings,Post,1,NO,230,281,1438.243
4064911,64911,BSH,Hamstrings,Post,1,NO,231,281,1510.263
4065192,65192,BSH,Hamstrings,Post,1,NO,232,281,1593.81
4065473,65473,BSH,Hamstrings,Post,1,NO,233,281,1688.351
4065754,65754,BSH,Hamstrings,Post,1,NO,234,281,1791.005
4057810,57810,BSH,Hamstrings,Post,1,NO,205,282,1393.267
4058092,58092,BSH,Hamstrings,Post,1,NO,206,282,1328.236
4058374,58374,BSH,Hamstrings,Post,1,NO,207,282,1264.758
4058656,58656,BSH,Hamstrings,Post,1,NO,208,282,1218.959
4058938,58938,BSH,Hamstrings,Post,1,NO,209,282,1250.089
4059220,59220,BSH,Hamstrings,Post,1,NO,210,282,1295.921
4059502,59502,BSH,Hamstrings,Post,1,NO,211,282,1378.542
4059784,59784,BSH,Hamstrings,Post,1,NO,212,282,1467.929
4060066,60066,BSH,Hamstrings,Post,1,NO,213,282,1558.427
4060348,60348,BSH,Hamstrings,Post,1,NO,214,282,1620.542
4060630,60630,BSH,Hamstrings,Post,1,NO,215,282,1649.171
4060912,60912,BSH,Hamstrings,Post,1,NO,216,282,1632.08
4061194,61194,BSH,Hamstrings,Post,1,NO,217,282,1580.464
4061476,61476,BSH,Hamstrings,Post,1,NO,218,282,1502.232
4061758,61758,BSH,Hamstrings,Post,1,NO,219,282,1418.061
4062040,62040,BSH,Hamstrings,Post,1,NO,220,282,1345.466
4062322,62322,BSH,Hamstrings,Post,1,NO,221,282,1285.806
4062604,62604,BSH,Hamstrings,Post,1,NO,222,282,1253.83
4062886,62886,BSH,Hamstrings,Post,1,NO,223,282,1241.32
4063168,63168,BSH,Hamstrings,Post,1,NO,224,282,1252.898
4063450,63450,BSH,Hamstrings,Post,1,NO,225,282,1277.377
4063732,63732,BSH,Hamstrings,Post,1,NO,226,282,1318.356
4064014,64014,BSH,Hamstrings,Post,1,NO,227,282,1366.94
4064296,64296,BSH,Hamstrings,Post,1,NO,228,282,1430.526
4064578,64578,BSH,Hamstrings,Post,1,NO,229,282,1500.176
4064860,64860,BSH,Hamstrings,Post,1,NO,230,282,1575.542
4065142,65142,BSH,Hamstrings,Post,1,NO,231,282,1657.474
4065424,65424,BSH,Hamstrings,Post,1,NO,232,282,1744.783
4065706,65706,BSH,Hamstrings,Post,1,NO,233,282,1833.151
4065988,65988,BSH,Hamstrings,Post,1,NO,234,282,1916.481
4057732,57732,BSH,Hamstrings,Post,1,NO,204,283,1555.705
4058015,58015,BSH,Hamstrings,Post,1,NO,205,283,1494.895
4058298,58298,BSH,Hamstrings,Post,1,NO,206,283,1439.071
4058581,58581,BSH,Hamstrings,Post,1,NO,207,283,1395.545
4058864,58864,BSH,Hamstrings,Post,1,NO,208,283,1371.996
4059147,59147,BSH,Hamstrings,Post,1,NO,209,283,1419.954
4059430,59430,BSH,Hamstrings,Post,1,NO,210,283,1475.953
4059713,59713,BSH,Hamstrings,Post,1,NO,211,283,1550.245
4059996,59996,BSH,Hamstrings,Post,1,NO,212,283,1618.107
4060279,60279,BSH,Hamstrings,Post,1,NO,213,283,1656.321
4060562,60562,BSH,Hamstrings,Post,1,NO,214,283,1668.487
4060845,60845,BSH,Hamstrings,Post,1,NO,215,283,1645.365
4061128,61128,BSH,Hamstrings,Post,1,NO,216,283,1587.306
4061411,61411,BSH,Hamstrings,Post,1,NO,217,283,1511.547
4061694,61694,BSH,Hamstrings,Post,1,NO,218,283,1433.97
4061977,61977,BSH,Hamstrings,Post,1,NO,219,283,1362.821
4062260,62260,BSH,Hamstrings,Post,1,NO,220,283,1309.444
4062543,62543,BSH,Hamstrings,Post,1,NO,221,283,1277.813
4062826,62826,BSH,Hamstrings,Post,1,NO,222,283,1268.638
4063109,63109,BSH,Hamstrings,Post,1,NO,223,283,1281.591
4063392,63392,BSH,Hamstrings,Post,1,NO,224,283,1304.32
4063675,63675,BSH,Hamstrings,Post,1,NO,225,283,1314.828
4063958,63958,BSH,Hamstrings,Post,1,NO,226,283,1375.102
4064241,64241,BSH,Hamstrings,Post,1,NO,227,283,1465.032
4064524,64524,BSH,Hamstrings,Post,1,NO,228,283,1566.278
4064807,64807,BSH,Hamstrings,Post,1,NO,229,283,1654.495
4065090,65090,BSH,Hamstrings,Post,1,NO,230,283,1734.009
4065373,65373,BSH,Hamstrings,Post,1,NO,231,283,1815.79
4065656,65656,BSH,Hamstrings,Post,1,NO,232,283,1885.542
4065939,65939,BSH,Hamstrings,Post,1,NO,233,283,1936.325
4066222,66222,BSH,Hamstrings,Post,1,NO,234,283,1962.931
4057936,57936,BSH,Hamstrings,Post,1,NO,204,284,1564.229
4058220,58220,BSH,Hamstrings,Post,1,NO,205,284,1527.132
4058504,58504,BSH,Hamstrings,Post,1,NO,206,284,1508.821
4058788,58788,BSH,Hamstrings,Post,1,NO,207,284,1507.146
4059072,59072,BSH,Hamstrings,Post,1,NO,208,284,1522.312
4059356,59356,BSH,Hamstrings,Post,1,NO,209,284,1566.606
4059640,59640,BSH,Hamstrings,Post,1,NO,210,284,1617.442
4059924,59924,BSH,Hamstrings,Post,1,NO,211,284,1657.235
4060208,60208,BSH,Hamstrings,Post,1,NO,212,284,1676.354
4060492,60492,BSH,Hamstrings,Post,1,NO,213,284,1666.764
4060776,60776,BSH,Hamstrings,Post,1,NO,214,284,1633.853
4061060,61060,BSH,Hamstrings,Post,1,NO,215,284,1568.897
4061344,61344,BSH,Hamstrings,Post,1,NO,216,284,1498.139
4061628,61628,BSH,Hamstrings,Post,1,NO,217,284,1424.052
4061912,61912,BSH,Hamstrings,Post,1,NO,218,284,1358.946
4062196,62196,BSH,Hamstrings,Post,1,NO,219,284,1312.793
4062480,62480,BSH,Hamstrings,Post,1,NO,220,284,1283.646
4062764,62764,BSH,Hamstrings,Post,1,NO,221,284,1284.618
4063048,63048,BSH,Hamstrings,Post,1,NO,222,284,1295.43
4063332,63332,BSH,Hamstrings,Post,1,NO,223,284,1336.867
4063616,63616,BSH,Hamstrings,Post,1,NO,224,284,1390.2
4063900,63900,BSH,Hamstrings,Post,1,NO,225,284,1461.231
4064184,64184,BSH,Hamstrings,Post,1,NO,226,284,1537.701
4064468,64468,BSH,Hamstrings,Post,1,NO,227,284,1623.592
4064752,64752,BSH,Hamstrings,Post,1,NO,228,284,1707.482
4065036,65036,BSH,Hamstrings,Post,1,NO,229,284,1809.987
4065320,65320,BSH,Hamstrings,Post,1,NO,230,284,1889.202
4065604,65604,BSH,Hamstrings,Post,1,NO,231,284,1940.975
4065888,65888,BSH,Hamstrings,Post,1,NO,232,284,1962.257
4066172,66172,BSH,Hamstrings,Post,1,NO,233,284,1947.052
4057855,57855,BSH,Hamstrings,Post,1,NO,203,285,1475.162
4058140,58140,BSH,Hamstrings,Post,1,NO,204,285,1445.605
4058425,58425,BSH,Hamstrings,Post,1,NO,205,285,1450.243
4058710,58710,BSH,Hamstrings,Post,1,NO,206,285,1482.071
4058995,58995,BSH,Hamstrings,Post,1,NO,207,285,1532.021
4059280,59280,BSH,Hamstrings,Post,1,NO,208,285,1588.793
4059565,59565,BSH,Hamstrings,Post,1,NO,209,285,1627.205
4059850,59850,BSH,Hamstrings,Post,1,NO,210,285,1653.922
4060135,60135,BSH,Hamstrings,Post,1,NO,211,285,1654.088
4060420,60420,BSH,Hamstrings,Post,1,NO,212,285,1644.412
4060705,60705,BSH,Hamstrings,Post,1,NO,213,285,1597.476
4060990,60990,BSH,Hamstrings,Post,1,NO,214,285,1542.865
4061275,61275,BSH,Hamstrings,Post,1,NO,215,285,1472.548
4061560,61560,BSH,Hamstrings,Post,1,NO,216,285,1408.467
4061845,61845,BSH,Hamstrings,Post,1,NO,217,285,1355.148
4062130,62130,BSH,Hamstrings,Post,1,NO,218,285,1308.344
4062415,62415,BSH,Hamstrings,Post,1,NO,219,285,1297.254
4062700,62700,BSH,Hamstrings,Post,1,NO,220,285,1297.9
4062985,62985,BSH,Hamstrings,Post,1,NO,221,285,1319.055
4063270,63270,BSH,Hamstrings,Post,1,NO,222,285,1360.226
4063555,63555,BSH,Hamstrings,Post,1,NO,223,285,1422.021
4063840,63840,BSH,Hamstrings,Post,1,NO,224,285,1494.673
4064125,64125,BSH,Hamstrings,Post,1,NO,225,285,1580.427
4064410,64410,BSH,Hamstrings,Post,1,NO,226,285,1673.157
4064695,64695,BSH,Hamstrings,Post,1,NO,227,285,1771.826
4064980,64980,BSH,Hamstrings,Post,1,NO,228,285,1869.946
4065265,65265,BSH,Hamstrings,Post,1,NO,229,285,1961.319
4065550,65550,BSH,Hamstrings,Post,1,NO,230,285,2008.633
4065835,65835,BSH,Hamstrings,Post,1,NO,231,285,2007.311
4066120,66120,BSH,Hamstrings,Post,1,NO,232,285,1960.648
4057772,57772,BSH,Hamstrings,Post,1,NO,202,286,1331.748
4058058,58058,BSH,Hamstrings,Post,1,NO,203,286,1285.677
4058344,58344,BSH,Hamstrings,Post,1,NO,204,286,1297.902
4058630,58630,BSH,Hamstrings,Post,1,NO,205,286,1349.038
4058916,58916,BSH,Hamstrings,Post,1,NO,206,286,1424.502
4059202,59202,BSH,Hamstrings,Post,1,NO,207,286,1510.084
4059488,59488,BSH,Hamstrings,Post,1,NO,208,286,1587.729
4059774,59774,BSH,Hamstrings,Post,1,NO,209,286,1612.411
4060060,60060,BSH,Hamstrings,Post,1,NO,210,286,1628.238
4060346,60346,BSH,Hamstrings,Post,1,NO,211,286,1613.088
4060632,60632,BSH,Hamstrings,Post,1,NO,212,286,1589.359
4060918,60918,BSH,Hamstrings,Post,1,NO,213,286,1536.737
4061204,61204,BSH,Hamstrings,Post,1,NO,214,286,1484.618
4061490,61490,BSH,Hamstrings,Post,1,NO,215,286,1432.692
4061776,61776,BSH,Hamstrings,Post,1,NO,216,286,1379.976
4062062,62062,BSH,Hamstrings,Post,1,NO,217,286,1345.307
4062348,62348,BSH,Hamstrings,Post,1,NO,218,286,1320.272
4062634,62634,BSH,Hamstrings,Post,1,NO,219,286,1324.759
4062920,62920,BSH,Hamstrings,Post,1,NO,220,286,1338.969
4063206,63206,BSH,Hamstrings,Post,1,NO,221,286,1384.797
4063492,63492,BSH,Hamstrings,Post,1,NO,222,286,1443.208
4063778,63778,BSH,Hamstrings,Post,1,NO,223,286,1530.041
4064064,64064,BSH,Hamstrings,Post,1,NO,224,286,1624.044
4064350,64350,BSH,Hamstrings,Post,1,NO,225,286,1728.975
4064636,64636,BSH,Hamstrings,Post,1,NO,226,286,1837.613
4064922,64922,BSH,Hamstrings,Post,1,NO,227,286,1913.882
4065208,65208,BSH,Hamstrings,Post,1,NO,228,286,2029.818
4065494,65494,BSH,Hamstrings,Post,1,NO,229,286,2090.262
4065780,65780,BSH,Hamstrings,Post,1,NO,230,286,2084.677
4066066,66066,BSH,Hamstrings,Post,1,NO,231,286,2016.033
4057687,57687,BSH,Hamstrings,Post,1,NO,201,287,1242.714
4057974,57974,BSH,Hamstrings,Post,1,NO,202,287,1197.54
4058261,58261,BSH,Hamstrings,Post,1,NO,203,287,1201.182
4058548,58548,BSH,Hamstrings,Post,1,NO,204,287,1254.79
4058835,58835,BSH,Hamstrings,Post,1,NO,205,287,1336.38
4059122,59122,BSH,Hamstrings,Post,1,NO,206,287,1432.613
4059409,59409,BSH,Hamstrings,Post,1,NO,207,287,1528.677
4059696,59696,BSH,Hamstrings,Post,1,NO,208,287,1601.519
4059983,59983,BSH,Hamstrings,Post,1,NO,209,287,1625.278
4060270,60270,BSH,Hamstrings,Post,1,NO,210,287,1651.582
4060557,60557,BSH,Hamstrings,Post,1,NO,211,287,1643.89
4060844,60844,BSH,Hamstrings,Post,1,NO,212,287,1608.603
4061131,61131,BSH,Hamstrings,Post,1,NO,213,287,1560.327
4061418,61418,BSH,Hamstrings,Post,1,NO,214,287,1502.499
4061705,61705,BSH,Hamstrings,Post,1,NO,215,287,1449.057
4061992,61992,BSH,Hamstrings,Post,1,NO,216,287,1393.617
4062279,62279,BSH,Hamstrings,Post,1,NO,217,287,1368.555
4062566,62566,BSH,Hamstrings,Post,1,NO,218,287,1353.441
4062853,62853,BSH,Hamstrings,Post,1,NO,219,287,1380.132
4063140,63140,BSH,Hamstrings,Post,1,NO,220,287,1413.204
4063427,63427,BSH,Hamstrings,Post,1,NO,221,287,1483.132
4063714,63714,BSH,Hamstrings,Post,1,NO,222,287,1561.649
4064001,64001,BSH,Hamstrings,Post,1,NO,223,287,1665.475
4064288,64288,BSH,Hamstrings,Post,1,NO,224,287,1773.99
4064575,64575,BSH,Hamstrings,Post,1,NO,225,287,1886.428
4064862,64862,BSH,Hamstrings,Post,1,NO,226,287,1995.667
4065149,65149,BSH,Hamstrings,Post,1,NO,227,287,2065.289
4065436,65436,BSH,Hamstrings,Post,1,NO,228,287,2154.083
4065723,65723,BSH,Hamstrings,Post,1,NO,229,287,2167.487
4057888,57888,BSH,Hamstrings,Post,1,NO,201,288,1183.968
4058176,58176,BSH,Hamstrings,Post,1,NO,202,288,1200.393
4058464,58464,BSH,Hamstrings,Post,1,NO,203,288,1252.117
4058752,58752,BSH,Hamstrings,Post,1,NO,204,288,1340.879
4059040,59040,BSH,Hamstrings,Post,1,NO,205,288,1447.02
4059328,59328,BSH,Hamstrings,Post,1,NO,206,288,1556.578
4059616,59616,BSH,Hamstrings,Post,1,NO,207,288,1649.252
4059904,59904,BSH,Hamstrings,Post,1,NO,208,288,1712.994
4060192,60192,BSH,Hamstrings,Post,1,NO,209,288,1735.649
4060480,60480,BSH,Hamstrings,Post,1,NO,210,288,1748.072
4060768,60768,BSH,Hamstrings,Post,1,NO,211,288,1713.359
4061056,61056,BSH,Hamstrings,Post,1,NO,212,288,1668.984
4061344,61344,BSH,Hamstrings,Post,1,NO,213,288,1607.668
4061632,61632,BSH,Hamstrings,Post,1,NO,214,288,1544.455
4061920,61920,BSH,Hamstrings,Post,1,NO,215,288,1492.28
4062208,62208,BSH,Hamstrings,Post,1,NO,216,288,1441.8
4062496,62496,BSH,Hamstrings,Post,1,NO,217,288,1426.319
4062784,62784,BSH,Hamstrings,Post,1,NO,218,288,1422.938
4063072,63072,BSH,Hamstrings,Post,1,NO,219,288,1462.888
4063360,63360,BSH,Hamstrings,Post,1,NO,220,288,1515.72
4063648,63648,BSH,Hamstrings,Post,1,NO,221,288,1601.082
4063936,63936,BSH,Hamstrings,Post,1,NO,222,288,1697.305
4064224,64224,BSH,Hamstrings,Post,1,NO,223,288,1807.929
4064512,64512,BSH,Hamstrings,Post,1,NO,224,288,1913.544
4064800,64800,BSH,Hamstrings,Post,1,NO,225,288,2015.813
4065088,65088,BSH,Hamstrings,Post,1,NO,226,288,2103.972
4065376,65376,BSH,Hamstrings,Post,1,NO,227,288,2158.724
4065664,65664,BSH,Hamstrings,Post,1,NO,228,288,2206.022
4058089,58089,BSH,Hamstrings,Post,1,NO,201,289,1220.963
4058378,58378,BSH,Hamstrings,Post,1,NO,202,289,1278.497
4058667,58667,BSH,Hamstrings,Post,1,NO,203,289,1362.262
4058956,58956,BSH,Hamstrings,Post,1,NO,204,289,1469.221
4059245,59245,BSH,Hamstrings,Post,1,NO,205,289,1593.937
4059534,59534,BSH,Hamstrings,Post,1,NO,206,289,1708.819
4059823,59823,BSH,Hamstrings,Post,1,NO,207,289,1787.461
4060112,60112,BSH,Hamstrings,Post,1,NO,208,289,1846.206
4060401,60401,BSH,Hamstrings,Post,1,NO,209,289,1862.146
4060690,60690,BSH,Hamstrings,Post,1,NO,210,289,1864.786
4060979,60979,BSH,Hamstrings,Post,1,NO,211,289,1819.828
4061268,61268,BSH,Hamstrings,Post,1,NO,212,289,1763.132
4061557,61557,BSH,Hamstrings,Post,1,NO,213,289,1687.565
4061846,61846,BSH,Hamstrings,Post,1,NO,214,289,1616.946
4062135,62135,BSH,Hamstrings,Post,1,NO,215,289,1560.222
4062424,62424,BSH,Hamstrings,Post,1,NO,216,289,1515.893
4062713,62713,BSH,Hamstrings,Post,1,NO,217,289,1505.004
4063002,63002,BSH,Hamstrings,Post,1,NO,218,289,1515.275
4063291,63291,BSH,Hamstrings,Post,1,NO,219,289,1559.874
4063580,63580,BSH,Hamstrings,Post,1,NO,220,289,1623.356
4063869,63869,BSH,Hamstrings,Post,1,NO,221,289,1710.924
4064158,64158,BSH,Hamstrings,Post,1,NO,222,289,1808.966
4064447,64447,BSH,Hamstrings,Post,1,NO,223,289,1916.805
4064736,64736,BSH,Hamstrings,Post,1,NO,224,289,2002.996
4065025,65025,BSH,Hamstrings,Post,1,NO,225,289,2078.231
4065314,65314,BSH,Hamstrings,Post,1,NO,226,289,2127.807
4058000,58000,BSH,Hamstrings,Post,1,NO,200,290,1237.512
4058290,58290,BSH,Hamstrings,Post,1,NO,201,290,1301.034
4058580,58580,BSH,Hamstrings,Post,1,NO,202,290,1395.315
4058870,58870,BSH,Hamstrings,Post,1,NO,203,290,1510.251
4059160,59160,BSH,Hamstrings,Post,1,NO,204,290,1641.799
4059450,59450,BSH,Hamstrings,Post,1,NO,205,290,1785.235
4059740,59740,BSH,Hamstrings,Post,1,NO,206,290,1907.754
4060030,60030,BSH,Hamstrings,Post,1,NO,207,290,1969.897
4060320,60320,BSH,Hamstrings,Post,1,NO,208,290,2022.859
4060610,60610,BSH,Hamstrings,Post,1,NO,209,290,2026.33
4060900,60900,BSH,Hamstrings,Post,1,NO,210,290,2009.177
4061190,61190,BSH,Hamstrings,Post,1,NO,211,290,1949.244
4061480,61480,BSH,Hamstrings,Post,1,NO,212,290,1876.152
4061770,61770,BSH,Hamstrings,Post,1,NO,213,290,1787.856
4062060,62060,BSH,Hamstrings,Post,1,NO,214,290,1706.758
4062350,62350,BSH,Hamstrings,Post,1,NO,215,290,1638.946
4062640,62640,BSH,Hamstrings,Post,1,NO,216,290,1597.939
4062930,62930,BSH,Hamstrings,Post,1,NO,217,290,1584.249
4063220,63220,BSH,Hamstrings,Post,1,NO,218,290,1603.824
4063510,63510,BSH,Hamstrings,Post,1,NO,219,290,1646.199
4063800,63800,BSH,Hamstrings,Post,1,NO,220,290,1706.697
4064090,64090,BSH,Hamstrings,Post,1,NO,221,290,1780.063
4064380,64380,BSH,Hamstrings,Post,1,NO,222,290,1861.912
4064670,64670,BSH,Hamstrings,Post,1,NO,223,290,1945.276
4064960,64960,BSH,Hamstrings,Post,1,NO,224,290,2009.65
4065250,65250,BSH,Hamstrings,Post,1,NO,225,290,2051.14
4058200,58200,BSH,Hamstrings,Post,1,NO,200,291,1322.2
4058491,58491,BSH,Hamstrings,Post,1,NO,201,291,1418.294
4058782,58782,BSH,Hamstrings,Post,1,NO,202,291,1539.012
4059073,59073,BSH,Hamstrings,Post,1,NO,203,291,1682.97
4059364,59364,BSH,Hamstrings,Post,1,NO,204,291,1838.161
4059655,59655,BSH,Hamstrings,Post,1,NO,205,291,1995.478
4059946,59946,BSH,Hamstrings,Post,1,NO,206,291,2127.878
4060237,60237,BSH,Hamstrings,Post,1,NO,207,291,2176.607
4060528,60528,BSH,Hamstrings,Post,1,NO,208,291,2215.176
4060819,60819,BSH,Hamstrings,Post,1,NO,209,291,2207.623
4061110,61110,BSH,Hamstrings,Post,1,NO,210,291,2159.635
4061401,61401,BSH,Hamstrings,Post,1,NO,211,291,2076.926
4061692,61692,BSH,Hamstrings,Post,1,NO,212,291,1982.051
4061983,61983,BSH,Hamstrings,Post,1,NO,213,291,1876.903
4062274,62274,BSH,Hamstrings,Post,1,NO,214,291,1790.393
4062565,62565,BSH,Hamstrings,Post,1,NO,215,291,1707.085
4062856,62856,BSH,Hamstrings,Post,1,NO,216,291,1664.115
4063147,63147,BSH,Hamstrings,Post,1,NO,217,291,1638.568
4063438,63438,BSH,Hamstrings,Post,1,NO,218,291,1656.943
4063729,63729,BSH,Hamstrings,Post,1,NO,219,291,1687.857
4064020,64020,BSH,Hamstrings,Post,1,NO,220,291,1737.74
4064311,64311,BSH,Hamstrings,Post,1,NO,221,291,1786.132
4064602,64602,BSH,Hamstrings,Post,1,NO,222,291,1841.433
4064893,64893,BSH,Hamstrings,Post,1,NO,223,291,1891.853
4058400,58400,BSH,Hamstrings,Post,1,NO,200,292,1431.918
4058692,58692,BSH,Hamstrings,Post,1,NO,201,292,1559.014
4058984,58984,BSH,Hamstrings,Post,1,NO,202,292,1703.146
4059276,59276,BSH,Hamstrings,Post,1,NO,203,292,1868.081
4059568,59568,BSH,Hamstrings,Post,1,NO,204,292,2041.542
4059860,59860,BSH,Hamstrings,Post,1,NO,205,292,2202.71
4060152,60152,BSH,Hamstrings,Post,1,NO,206,292,2339.424
4060444,60444,BSH,Hamstrings,Post,1,NO,207,292,2374.57
4060736,60736,BSH,Hamstrings,Post,1,NO,208,292,2384.317
4061028,61028,BSH,Hamstrings,Post,1,NO,209,292,2359.669
4061320,61320,BSH,Hamstrings,Post,1,NO,210,292,2282.745
4061612,61612,BSH,Hamstrings,Post,1,NO,211,292,2171.308
4061904,61904,BSH,Hamstrings,Post,1,NO,212,292,2050.506
4062196,62196,BSH,Hamstrings,Post,1,NO,213,292,1925.715
4062488,62488,BSH,Hamstrings,Post,1,NO,214,292,1831.358
4062780,62780,BSH,Hamstrings,Post,1,NO,215,292,1739.457
4063072,63072,BSH,Hamstrings,Post,1,NO,216,292,1690.751
4063364,63364,BSH,Hamstrings,Post,1,NO,217,292,1648.478
4063656,63656,BSH,Hamstrings,Post,1,NO,218,292,1657.57
4063948,63948,BSH,Hamstrings,Post,1,NO,219,292,1666.22
4064240,64240,BSH,Hamstrings,Post,1,NO,220,292,1704.54
4064532,64532,BSH,Hamstrings,Post,1,NO,221,292,1728.928
4064824,64824,BSH,Hamstrings,Post,1,NO,222,292,1758.447
4058307,58307,BSH,Hamstrings,Post,1,NO,199,293,1425.305
4058600,58600,BSH,Hamstrings,Post,1,NO,200,293,1558.075
4058893,58893,BSH,Hamstrings,Post,1,NO,201,293,1709.905
4059186,59186,BSH,Hamstrings,Post,1,NO,202,293,1874.53
4059479,59479,BSH,Hamstrings,Post,1,NO,203,293,2050.333
4059772,59772,BSH,Hamstrings,Post,1,NO,204,293,2230.724
4060065,60065,BSH,Hamstrings,Post,1,NO,205,293,2382.541
4060358,60358,BSH,Hamstrings,Post,1,NO,206,293,2493.753
4060651,60651,BSH,Hamstrings,Post,1,NO,207,293,2525.062
4060944,60944,BSH,Hamstrings,Post,1,NO,208,293,2491.974
4061237,61237,BSH,Hamstrings,Post,1,NO,209,293,2440.481
4061530,61530,BSH,Hamstrings,Post,1,NO,210,293,2332.527
4061823,61823,BSH,Hamstrings,Post,1,NO,211,293,2201.138
4062116,62116,BSH,Hamstrings,Post,1,NO,212,293,2056.328
4062409,62409,BSH,Hamstrings,Post,1,NO,213,293,1914.427
4062702,62702,BSH,Hamstrings,Post,1,NO,214,293,1812.448
4062995,62995,BSH,Hamstrings,Post,1,NO,215,293,1716.128
4063288,63288,BSH,Hamstrings,Post,1,NO,216,293,1664.548
4063581,63581,BSH,Hamstrings,Post,1,NO,217,293,1615.625
4063874,63874,BSH,Hamstrings,Post,1,NO,218,293,1608.487
4064167,64167,BSH,Hamstrings,Post,1,NO,219,293,1603.906
4064460,64460,BSH,Hamstrings,Post,1,NO,220,293,1619.501
4058506,58506,BSH,Hamstrings,Post,1,NO,199,294,1542.279
4058800,58800,BSH,Hamstrings,Post,1,NO,200,294,1694.107
4059094,59094,BSH,Hamstrings,Post,1,NO,201,294,1859.95
4059388,59388,BSH,Hamstrings,Post,1,NO,202,294,2035.135
4059682,59682,BSH,Hamstrings,Post,1,NO,203,294,2210.96
4059976,59976,BSH,Hamstrings,Post,1,NO,204,294,2382.265
4060270,60270,BSH,Hamstrings,Post,1,NO,205,294,2507.862
4060564,60564,BSH,Hamstrings,Post,1,NO,206,294,2584.125
4060858,60858,BSH,Hamstrings,Post,1,NO,207,294,2592.031
4061152,61152,BSH,Hamstrings,Post,1,NO,208,294,2510.699
4061446,61446,BSH,Hamstrings,Post,1,NO,209,294,2422.434
4061740,61740,BSH,Hamstrings,Post,1,NO,210,294,2284.28
4062034,62034,BSH,Hamstrings,Post,1,NO,211,294,2145.705
4062328,62328,BSH,Hamstrings,Post,1,NO,212,294,1988.455
4062622,62622,BSH,Hamstrings,Post,1,NO,213,294,1845.141
4062916,62916,BSH,Hamstrings,Post,1,NO,214,294,1736.203
4063210,63210,BSH,Hamstrings,Post,1,NO,215,294,1644.751
4063504,63504,BSH,Hamstrings,Post,1,NO,216,294,1590.712
4063798,63798,BSH,Hamstrings,Post,1,NO,217,294,1546.509
4064092,64092,BSH,Hamstrings,Post,1,NO,218,294,1530.1
4064386,64386,BSH,Hamstrings,Post,1,NO,219,294,1521.599
4058410,58410,BSH,Hamstrings,Post,1,NO,198,295,1507.72
4058705,58705,BSH,Hamstrings,Post,1,NO,199,295,1665.798
4059000,59000,BSH,Hamstrings,Post,1,NO,200,295,1830.733
4059295,59295,BSH,Hamstrings,Post,1,NO,201,295,1999.68
4059590,59590,BSH,Hamstrings,Post,1,NO,202,295,2166.905
4059885,59885,BSH,Hamstrings,Post,1,NO,203,295,2323.226
4060180,60180,BSH,Hamstrings,Post,1,NO,204,295,2463.467
4060475,60475,BSH,Hamstrings,Post,1,NO,205,295,2553.532
4060770,60770,BSH,Hamstrings,Post,1,NO,206,295,2578.509
4061065,61065,BSH,Hamstrings,Post,1,NO,207,295,2543.684
4061360,61360,BSH,Hamstrings,Post,1,NO,208,295,2431.109
4061655,61655,BSH,Hamstrings,Post,1,NO,209,295,2304.849
4061950,61950,BSH,Hamstrings,Post,1,NO,210,295,2150.584
4062245,62245,BSH,Hamstrings,Post,1,NO,211,295,2001.511
4062540,62540,BSH,Hamstrings,Post,1,NO,212,295,1855.477
4062835,62835,BSH,Hamstrings,Post,1,NO,213,295,1724.725
4063130,63130,BSH,Hamstrings,Post,1,NO,214,295,1622.711
4063425,63425,BSH,Hamstrings,Post,1,NO,215,295,1545.579
4063720,63720,BSH,Hamstrings,Post,1,NO,216,295,1494.479
4064015,64015,BSH,Hamstrings,Post,1,NO,217,295,1464.065
4064310,64310,BSH,Hamstrings,Post,1,NO,218,295,1452.488
4058608,58608,BSH,Hamstrings,Post,1,NO,198,296,1624.829
4058904,58904,BSH,Hamstrings,Post,1,NO,199,296,1794.617
4059200,59200,BSH,Hamstrings,Post,1,NO,200,296,1962.255
4059496,59496,BSH,Hamstrings,Post,1,NO,201,296,2122.956
4059792,59792,BSH,Hamstrings,Post,1,NO,202,296,2269.472
4060088,60088,BSH,Hamstrings,Post,1,NO,203,296,2384.261
4060384,60384,BSH,Hamstrings,Post,1,NO,204,296,2467.512
4060680,60680,BSH,Hamstrings,Post,1,NO,205,296,2507.666
4060976,60976,BSH,Hamstrings,Post,1,NO,206,296,2478.908
4061272,61272,BSH,Hamstrings,Post,1,NO,207,296,2398.449
4061568,61568,BSH,Hamstrings,Post,1,NO,208,296,2264.471
4061864,61864,BSH,Hamstrings,Post,1,NO,209,296,2115.627
4062160,62160,BSH,Hamstrings,Post,1,NO,210,296,1958.619
4062456,62456,BSH,Hamstrings,Post,1,NO,211,296,1813.882
4062752,62752,BSH,Hamstrings,Post,1,NO,212,296,1684.643
4063048,63048,BSH,Hamstrings,Post,1,NO,213,296,1581.813
4063344,63344,BSH,Hamstrings,Post,1,NO,214,296,1502.267
4063640,63640,BSH,Hamstrings,Post,1,NO,215,296,1450.233
4063936,63936,BSH,Hamstrings,Post,1,NO,216,296,1415.655
4058509,58509,BSH,Hamstrings,Post,1,NO,197,297,1583.296
4058806,58806,BSH,Hamstrings,Post,1,NO,198,297,1752.222
4059103,59103,BSH,Hamstrings,Post,1,NO,199,297,1926.354
4059400,59400,BSH,Hamstrings,Post,1,NO,200,297,2086.443
4059697,59697,BSH,Hamstrings,Post,1,NO,201,297,2222.198
4059994,59994,BSH,Hamstrings,Post,1,NO,202,297,2334.245
4060291,60291,BSH,Hamstrings,Post,1,NO,203,297,2394.67
4060588,60588,BSH,Hamstrings,Post,1,NO,204,297,2410.326
4060885,60885,BSH,Hamstrings,Post,1,NO,205,297,2388.206
4061182,61182,BSH,Hamstrings,Post,1,NO,206,297,2308.627
4061479,61479,BSH,Hamstrings,Post,1,NO,207,297,2184.235
4061776,61776,BSH,Hamstrings,Post,1,NO,208,297,2039.298
4062073,62073,BSH,Hamstrings,Post,1,NO,209,297,1889.089
4062370,62370,BSH,Hamstrings,Post,1,NO,210,297,1745.177
4062667,62667,BSH,Hamstrings,Post,1,NO,211,297,1623.875
4062964,62964,BSH,Hamstrings,Post,1,NO,212,297,1520.718
4063261,63261,BSH,Hamstrings,Post,1,NO,213,297,1451.703
4063558,63558,BSH,Hamstrings,Post,1,NO,214,297,1406.581
4063855,63855,BSH,Hamstrings,Post,1,NO,215,297,1387.207
4058408,58408,BSH,Hamstrings,Post,1,NO,196,298,1539.546
4058706,58706,BSH,Hamstrings,Post,1,NO,197,298,1708.797
4059004,59004,BSH,Hamstrings,Post,1,NO,198,298,1886.996
4059302,59302,BSH,Hamstrings,Post,1,NO,199,298,2052.682
4059600,59600,BSH,Hamstrings,Post,1,NO,200,298,2199.974
4059898,59898,BSH,Hamstrings,Post,1,NO,201,298,2292.565
4060196,60196,BSH,Hamstrings,Post,1,NO,202,298,2348.452
4060494,60494,BSH,Hamstrings,Post,1,NO,203,298,2354.445
4060792,60792,BSH,Hamstrings,Post,1,NO,204,298,2298.997
4061090,61090,BSH,Hamstrings,Post,1,NO,205,298,2213.069
4061388,61388,BSH,Hamstrings,Post,1,NO,206,298,2094.496
4061686,61686,BSH,Hamstrings,Post,1,NO,207,298,1947.383
4061984,61984,BSH,Hamstrings,Post,1,NO,208,298,1795.722
4062282,62282,BSH,Hamstrings,Post,1,NO,209,298,1664.619
4062580,62580,BSH,Hamstrings,Post,1,NO,210,298,1548.993
4062878,62878,BSH,Hamstrings,Post,1,NO,211,298,1467.726
4063176,63176,BSH,Hamstrings,Post,1,NO,212,298,1402.476
4063474,63474,BSH,Hamstrings,Post,1,NO,213,298,1370.853
4058305,58305,BSH,Hamstrings,Post,1,NO,195,299,1506.701
4058604,58604,BSH,Hamstrings,Post,1,NO,196,299,1676.453
4058903,58903,BSH,Hamstrings,Post,1,NO,197,299,1852.78
4059202,59202,BSH,Hamstrings,Post,1,NO,198,299,2027.917
4059501,59501,BSH,Hamstrings,Post,1,NO,199,299,2169.449
4059800,59800,BSH,Hamstrings,Post,1,NO,200,299,2281.394
4060099,60099,BSH,Hamstrings,Post,1,NO,201,299,2327.29
4060398,60398,BSH,Hamstrings,Post,1,NO,202,299,2313.948
4060697,60697,BSH,Hamstrings,Post,1,NO,203,299,2259.438
4060996,60996,BSH,Hamstrings,Post,1,NO,204,299,2143.485
4061295,61295,BSH,Hamstrings,Post,1,NO,205,299,2010.823
4061594,61594,BSH,Hamstrings,Post,1,NO,206,299,1865.151
4061893,61893,BSH,Hamstrings,Post,1,NO,207,299,1720.671
4062192,62192,BSH,Hamstrings,Post,1,NO,208,299,1594.137
4062491,62491,BSH,Hamstrings,Post,1,NO,209,299,1478.155
4062790,62790,BSH,Hamstrings,Post,1,NO,210,299,1398.87
4063089,63089,BSH,Hamstrings,Post,1,NO,211,299,1363.434
4063388,63388,BSH,Hamstrings,Post,1,NO,212,299,1347.135
4058200,58200,BSH,Hamstrings,Post,1,NO,194,300,1491.318
4058500,58500,BSH,Hamstrings,Post,1,NO,195,300,1649.688
4058800,58800,BSH,Hamstrings,Post,1,NO,196,300,1829.849
4059100,59100,BSH,Hamstrings,Post,1,NO,197,300,2000.309
4059400,59400,BSH,Hamstrings,Post,1,NO,198,300,2159.445
4059700,59700,BSH,Hamstrings,Post,1,NO,199,300,2259.804
4060000,60000,BSH,Hamstrings,Post,1,NO,200,300,2311.623
4060300,60300,BSH,Hamstrings,Post,1,NO,201,300,2312.913
4060600,60600,BSH,Hamstrings,Post,1,NO,202,300,2227.42
4060900,60900,BSH,Hamstrings,Post,1,NO,203,300,2108.732
4061200,61200,BSH,Hamstrings,Post,1,NO,204,300,1970.342
4061500,61500,BSH,Hamstrings,Post,1,NO,205,300,1799.539
4061800,61800,BSH,Hamstrings,Post,1,NO,206,300,1635.008
4062100,62100,BSH,Hamstrings,Post,1,NO,207,300,1505.851
4062400,62400,BSH,Hamstrings,Post,1,NO,208,300,1396.683
4062700,62700,BSH,Hamstrings,Post,1,NO,209,300,1354.955
4063000,63000,BSH,Hamstrings,Post,1,NO,210,300,1344.604
4058093,58093,BSH,Hamstrings,Post,1,NO,193,301,1449.401
4058394,58394,BSH,Hamstrings,Post,1,NO,194,301,1603.25
4058695,58695,BSH,Hamstrings,Post,1,NO,195,301,1769.113
4058996,58996,BSH,Hamstrings,Post,1,NO,196,301,1944.239
4059297,59297,BSH,Hamstrings,Post,1,NO,197,301,2099.462
4059598,59598,BSH,Hamstrings,Post,1,NO,198,301,2234.159
4059899,59899,BSH,Hamstrings,Post,1,NO,199,301,2287.529
4060200,60200,BSH,Hamstrings,Post,1,NO,200,301,2290.497
4060501,60501,BSH,Hamstrings,Post,1,NO,201,301,2215.651
4060802,60802,BSH,Hamstrings,Post,1,NO,202,301,2074.162
4061103,61103,BSH,Hamstrings,Post,1,NO,203,301,1907.709
4061404,61404,BSH,Hamstrings,Post,1,NO,204,301,1726.679
4061705,61705,BSH,Hamstrings,Post,1,NO,205,301,1571.675
4062006,62006,BSH,Hamstrings,Post,1,NO,206,301,1447.933
4062307,62307,BSH,Hamstrings,Post,1,NO,207,301,1376.043
4062608,62608,BSH,Hamstrings,Post,1,NO,208,301,1348.222
4062909,62909,BSH,Hamstrings,Post,1,NO,209,301,1373.638
4057984,57984,BSH,Hamstrings,Post,1,NO,192,302,1368.61
4058286,58286,BSH,Hamstrings,Post,1,NO,193,302,1503.071
4058588,58588,BSH,Hamstrings,Post,1,NO,194,302,1660.443
4058890,58890,BSH,Hamstrings,Post,1,NO,195,302,1842.142
4059192,59192,BSH,Hamstrings,Post,1,NO,196,302,2013.129
4059494,59494,BSH,Hamstrings,Post,1,NO,197,302,2168.493
4059796,59796,BSH,Hamstrings,Post,1,NO,198,302,2247.516
4060098,60098,BSH,Hamstrings,Post,1,NO,199,302,2257.665
4060400,60400,BSH,Hamstrings,Post,1,NO,200,302,2205.325
4060702,60702,BSH,Hamstrings,Post,1,NO,201,302,2064.26
4061004,61004,BSH,Hamstrings,Post,1,NO,202,302,1892.801
4061306,61306,BSH,Hamstrings,Post,1,NO,203,302,1712.051
4061608,61608,BSH,Hamstrings,Post,1,NO,204,302,1552.662
4061910,61910,BSH,Hamstrings,Post,1,NO,205,302,1442.26
4062212,62212,BSH,Hamstrings,Post,1,NO,206,302,1391.38
4062514,62514,BSH,Hamstrings,Post,1,NO,207,302,1392.085
4057873,57873,BSH,Hamstrings,Post,1,NO,191,303,1303.735
4058176,58176,BSH,Hamstrings,Post,1,NO,192,303,1401.235
4058479,58479,BSH,Hamstrings,Post,1,NO,193,303,1539.663
4058782,58782,BSH,Hamstrings,Post,1,NO,194,303,1714.594
4059085,59085,BSH,Hamstrings,Post,1,NO,195,303,1893.737
4059388,59388,BSH,Hamstrings,Post,1,NO,196,303,2067.692
4059691,59691,BSH,Hamstrings,Post,1,NO,197,303,2176.733
4059994,59994,BSH,Hamstrings,Post,1,NO,198,303,2217.059
4060297,60297,BSH,Hamstrings,Post,1,NO,199,303,2186.154
4060600,60600,BSH,Hamstrings,Post,1,NO,200,303,2069.248
4060903,60903,BSH,Hamstrings,Post,1,NO,201,303,1900.652
4061206,61206,BSH,Hamstrings,Post,1,NO,202,303,1728.848
4061509,61509,BSH,Hamstrings,Post,1,NO,203,303,1576.627
4061812,61812,BSH,Hamstrings,Post,1,NO,204,303,1481.723
4062115,62115,BSH,Hamstrings,Post,1,NO,205,303,1449.454
4062418,62418,BSH,Hamstrings,Post,1,NO,206,303,1478.25
4057760,57760,BSH,Hamstrings,Post,1,NO,190,304,1263.211
4058064,58064,BSH,Hamstrings,Post,1,NO,191,304,1327.503
4058368,58368,BSH,Hamstrings,Post,1,NO,192,304,1417.59
4058672,58672,BSH,Hamstrings,Post,1,NO,193,304,1558.32
4058976,58976,BSH,Hamstrings,Post,1,NO,194,304,1730.08
4059280,59280,BSH,Hamstrings,Post,1,NO,195,304,1912.613
4059584,59584,BSH,Hamstrings,Post,1,NO,196,304,2061.044
4059888,59888,BSH,Hamstrings,Post,1,NO,197,304,2152.059
4060192,60192,BSH,Hamstrings,Post,1,NO,198,304,2166.486
4060496,60496,BSH,Hamstrings,Post,1,NO,199,304,2080.86
4060800,60800,BSH,Hamstrings,Post,1,NO,200,304,1930.011
4061104,61104,BSH,Hamstrings,Post,1,NO,201,304,1767.811
4061408,61408,BSH,Hamstrings,Post,1,NO,202,304,1629.845
4061712,61712,BSH,Hamstrings,Post,1,NO,203,304,1546.893
4062016,62016,BSH,Hamstrings,Post,1,NO,204,304,1542.781
4057645,57645,BSH,Hamstrings,Post,1,NO,189,305,1223.468
4057950,57950,BSH,Hamstrings,Post,1,NO,190,305,1268.749
4058255,58255,BSH,Hamstrings,Post,1,NO,191,305,1331.817
4058560,58560,BSH,Hamstrings,Post,1,NO,192,305,1430.285
4058865,58865,BSH,Hamstrings,Post,1,NO,193,305,1533.75
4059170,59170,BSH,Hamstrings,Post,1,NO,194,305,1704.691
4059475,59475,BSH,Hamstrings,Post,1,NO,195,305,1883.289
4059780,59780,BSH,Hamstrings,Post,1,NO,196,305,2035.971
4060085,60085,BSH,Hamstrings,Post,1,NO,197,305,2102.657
4060390,60390,BSH,Hamstrings,Post,1,NO,198,305,2072.866
4060695,60695,BSH,Hamstrings,Post,1,NO,199,305,1965.143
4061000,61000,BSH,Hamstrings,Post,1,NO,200,305,1819.729
4061305,61305,BSH,Hamstrings,Post,1,NO,201,305,1688.068
4061610,61610,BSH,Hamstrings,Post,1,NO,202,305,1616.85
4061915,61915,BSH,Hamstrings,Post,1,NO,203,305,1632.286
4057834,57834,BSH,Hamstrings,Post,1,NO,189,306,1217.228
4058140,58140,BSH,Hamstrings,Post,1,NO,190,306,1261.502
4058446,58446,BSH,Hamstrings,Post,1,NO,191,306,1331.867
4058752,58752,BSH,Hamstrings,Post,1,NO,192,306,1416.225
4059058,59058,BSH,Hamstrings,Post,1,NO,193,306,1524.05
4059364,59364,BSH,Hamstrings,Post,1,NO,194,306,1623.676
4059670,59670,BSH,Hamstrings,Post,1,NO,195,306,1803.692
4059976,59976,BSH,Hamstrings,Post,1,NO,196,306,1946.427
4060282,60282,BSH,Hamstrings,Post,1,NO,197,306,2009.408
4060588,60588,BSH,Hamstrings,Post,1,NO,198,306,1974.755
4060894,60894,BSH,Hamstrings,Post,1,NO,199,306,1865.309
4061200,61200,BSH,Hamstrings,Post,1,NO,200,306,1739.519
4061506,61506,BSH,Hamstrings,Post,1,NO,201,306,1665.247
4057716,57716,BSH,Hamstrings,Post,1,NO,188,307,1188.675
4058023,58023,BSH,Hamstrings,Post,1,NO,189,307,1207.137
4058330,58330,BSH,Hamstrings,Post,1,NO,190,307,1255.838
4058637,58637,BSH,Hamstrings,Post,1,NO,191,307,1313.033
4058944,58944,BSH,Hamstrings,Post,1,NO,192,307,1392.821
4059251,59251,BSH,Hamstrings,Post,1,NO,193,307,1485.199
4059558,59558,BSH,Hamstrings,Post,1,NO,194,307,1587.991
4059865,59865,BSH,Hamstrings,Post,1,NO,195,307,1658.401
4060172,60172,BSH,Hamstrings,Post,1,NO,196,307,1815.233
4060479,60479,BSH,Hamstrings,Post,1,NO,197,307,1890.302
4060786,60786,BSH,Hamstrings,Post,1,NO,198,307,1863.853
4061093,61093,BSH,Hamstrings,Post,1,NO,199,307,1771.079
4057596,57596,BSH,Hamstrings,Post,1,NO,187,308,1197.05
4057904,57904,BSH,Hamstrings,Post,1,NO,188,308,1213.114
4058212,58212,BSH,Hamstrings,Post,1,NO,189,308,1239.346
4058520,58520,BSH,Hamstrings,Post,1,NO,190,308,1284.827
4058828,58828,BSH,Hamstrings,Post,1,NO,191,308,1336.241
4059136,59136,BSH,Hamstrings,Post,1,NO,192,308,1400.125
4059444,59444,BSH,Hamstrings,Post,1,NO,193,308,1465.64
4059752,59752,BSH,Hamstrings,Post,1,NO,194,308,1536.737
4060060,60060,BSH,Hamstrings,Post,1,NO,195,308,1607.553
4060368,60368,BSH,Hamstrings,Post,1,NO,196,308,1581.021
4060676,60676,BSH,Hamstrings,Post,1,NO,197,308,1740.453
4060984,60984,BSH,Hamstrings,Post,1,NO,198,308,1792.506
4057783,57783,BSH,Hamstrings,Post,1,NO,187,309,1243.546
4058092,58092,BSH,Hamstrings,Post,1,NO,188,309,1264.141
4058401,58401,BSH,Hamstrings,Post,1,NO,189,309,1312.178
4058710,58710,BSH,Hamstrings,Post,1,NO,190,309,1364.7
4059019,59019,BSH,Hamstrings,Post,1,NO,191,309,1425.211
4059328,59328,BSH,Hamstrings,Post,1,NO,192,309,1480.286
4059637,59637,BSH,Hamstrings,Post,1,NO,193,309,1531.769
4059946,59946,BSH,Hamstrings,Post,1,NO,194,309,1573.85
4060255,60255,BSH,Hamstrings,Post,1,NO,195,309,1590.265
4060564,60564,BSH,Hamstrings,Post,1,NO,196,309,1623.019
4057660,57660,BSH,Hamstrings,Post,1,NO,186,310,1302.728
4057970,57970,BSH,Hamstrings,Post,1,NO,187,310,1320.172
4058280,58280,BSH,Hamstrings,Post,1,NO,188,310,1374.423
4058590,58590,BSH,Hamstrings,Post,1,NO,189,310,1430.583
4058900,58900,BSH,Hamstrings,Post,1,NO,190,310,1489.754
4059210,59210,BSH,Hamstrings,Post,1,NO,191,310,1537.313
4059520,59520,BSH,Hamstrings,Post,1,NO,192,310,1576.727
4059830,59830,BSH,Hamstrings,Post,1,NO,193,310,1592.119
4060140,60140,BSH,Hamstrings,Post,1,NO,194,310,1600.046
4057846,57846,BSH,Hamstrings,Post,1,NO,186,311,1428.861
4058157,58157,BSH,Hamstrings,Post,1,NO,187,311,1499.271
4058468,58468,BSH,Hamstrings,Post,1,NO,188,311,1562.727
4058779,58779,BSH,Hamstrings,Post,1,NO,189,311,1627.693
4059090,59090,BSH,Hamstrings,Post,1,NO,190,311,1669.577
4059401,59401,BSH,Hamstrings,Post,1,NO,191,311,1704.467
4059712,59712,BSH,Hamstrings,Post,1,NO,192,311,1694.151
4058032,58032,BSH,Hamstrings,Post,1,NO,186,312,1539.73
4058344,58344,BSH,Hamstrings,Post,1,NO,187,312,1612.741
4058656,58656,BSH,Hamstrings,Post,1,NO,188,312,1683.704
4058968,58968,BSH,Hamstrings,Post,1,NO,189,312,1743.99
4059280,59280,BSH,Hamstrings,Post,1,NO,190,312,1786.571
4059592,59592,BSH,Hamstrings,Post,1,NO,191,312,1787.706
4057905,57905,BSH,Hamstrings,Post,1,NO,185,313,1498.639
4058218,58218,BSH,Hamstrings,Post,1,NO,186,313,1556.678
4058531,58531,BSH,Hamstrings,Post,1,NO,187,313,1614.889
4058844,58844,BSH,Hamstrings,Post,1,NO,188,313,1668.934
4059157,59157,BSH,Hamstrings,Post,1,NO,189,313,1703.142
4058090,58090,BSH,Hamstrings,Post,1,NO,185,314,1443.633
4058404,58404,BSH,Hamstrings,Post,1,NO,186,314,1491.209
4058718,58718,BSH,Hamstrings,Post,1,NO,187,314,1524.19
4058275,58275,BSH,Hamstrings,Post,1,NO,185,315,1366.393
4058590,58590,BSH,Hamstrings,Post,1,NO,186,315,1393.747
4058144,58144,BSH,Hamstrings,Post,1,NO,184,316,1279.628